-- phpMyAdmin SQL Dump
-- version 5.2.1
-- https://www.phpmyadmin.net/
--
-- Host: 127.0.0.1
-- Generation Time: Aug 31, 2024 at 11:32 AM
-- Server version: 10.4.32-MariaDB
-- PHP Version: 8.2.12

SET SQL_MODE = "NO_AUTO_VALUE_ON_ZERO";
START TRANSACTION;
SET time_zone = "+00:00";


/*!40101 SET @OLD_CHARACTER_SET_CLIENT=@@CHARACTER_SET_CLIENT */;
/*!40101 SET @OLD_CHARACTER_SET_RESULTS=@@CHARACTER_SET_RESULTS */;
/*!40101 SET @OLD_COLLATION_CONNECTION=@@COLLATION_CONNECTION */;
/*!40101 SET NAMES utf8mb4 */;

--
-- Database: `siddikia_publication`
--

-- --------------------------------------------------------

--
-- Table structure for table `backup_stock_details`
--

CREATE TABLE `backup_stock_details` (
  `id` bigint(20) UNSIGNED NOT NULL,
  `book_id` tinyint(4) NOT NULL,
  `uni_code` varchar(255) NOT NULL,
  `quantity` varchar(255) NOT NULL,
  `price` varchar(255) NOT NULL,
  `created_by` tinyint(4) DEFAULT NULL,
  `status` tinyint(1) NOT NULL DEFAULT 0,
  `created_at` timestamp NOT NULL DEFAULT current_timestamp(),
  `updated_at` timestamp NOT NULL DEFAULT current_timestamp()
) ENGINE=InnoDB DEFAULT CHARSET=utf8mb4 COLLATE=utf8mb4_unicode_ci;

-- --------------------------------------------------------

--
-- Table structure for table `binders`
--

CREATE TABLE `binders` (
  `id` bigint(20) UNSIGNED NOT NULL,
  `book_id` tinyint(4) NOT NULL,
  `binder_list_id` tinyint(4) NOT NULL,
  `binder_detail_id` tinyint(4) NOT NULL,
  `total_received_order` int(5) NOT NULL,
  `rest_of_supply` int(5) NOT NULL,
  `user_id` int(11) DEFAULT NULL,
  `created_at` timestamp NOT NULL DEFAULT current_timestamp(),
  `updated_at` timestamp NOT NULL DEFAULT current_timestamp()
) ENGINE=InnoDB DEFAULT CHARSET=utf8mb4 COLLATE=utf8mb4_unicode_ci;

--
-- Dumping data for table `binders`
--

INSERT INTO `binders` (`id`, `book_id`, `binder_list_id`, `binder_detail_id`, `total_received_order`, `rest_of_supply`, `user_id`, `created_at`, `updated_at`) VALUES
(1, 64, 2, 1, 1000, 800, 2, '2024-08-14 04:29:05', '2024-08-31 02:46:04'),
(2, 6, 3, 2, 1000, 1000, 2, '2024-08-28 23:38:36', '2024-08-28 23:38:36');

-- --------------------------------------------------------

--
-- Table structure for table `binder_details`
--

CREATE TABLE `binder_details` (
  `id` bigint(20) UNSIGNED NOT NULL,
  `book_id` tinyint(4) NOT NULL,
  `binder_list_id` tinyint(4) NOT NULL,
  `printing_list_id` int(11) NOT NULL,
  `received_to_press_order` int(11) NOT NULL,
  `user_id` int(11) DEFAULT NULL,
  `created_at` timestamp NOT NULL DEFAULT current_timestamp(),
  `updated_at` timestamp NOT NULL DEFAULT current_timestamp()
) ENGINE=InnoDB DEFAULT CHARSET=utf8mb4 COLLATE=utf8mb4_unicode_ci;

--
-- Dumping data for table `binder_details`
--

INSERT INTO `binder_details` (`id`, `book_id`, `binder_list_id`, `printing_list_id`, `received_to_press_order`, `user_id`, `created_at`, `updated_at`) VALUES
(1, 64, 2, 2, 1000, 2, '2024-08-14 04:29:05', '2024-08-14 04:29:05'),
(2, 6, 3, 2, 1000, 2, '2024-08-28 23:38:36', '2024-08-28 23:38:36');

-- --------------------------------------------------------

--
-- Table structure for table `binder_lists`
--

CREATE TABLE `binder_lists` (
  `id` bigint(20) UNSIGNED NOT NULL,
  `name` varchar(255) NOT NULL,
  `address` varchar(255) DEFAULT NULL,
  `user_id` int(11) DEFAULT NULL,
  `created_at` timestamp NOT NULL DEFAULT current_timestamp(),
  `updated_at` timestamp NOT NULL DEFAULT current_timestamp()
) ENGINE=InnoDB DEFAULT CHARSET=utf8mb4 COLLATE=utf8mb4_unicode_ci;

--
-- Dumping data for table `binder_lists`
--

INSERT INTO `binder_lists` (`id`, `name`, `address`, `user_id`, `created_at`, `updated_at`) VALUES
(1, 'abc', 'malibagh', NULL, '2024-08-13 04:48:56', '2024-08-13 04:48:56'),
(2, 'সিদ্দিকীয়া বাঁধাই', 'মোহনীমহন দাশ লেন', NULL, '2024-08-14 04:28:08', '2024-08-14 04:28:08'),
(3, 'সিদ্দিকীয়া বাইন্ডিং সেন্টার', 'মোহনিমহন দাশ লেন', NULL, '2024-08-28 23:35:52', '2024-08-28 23:35:52');

-- --------------------------------------------------------

--
-- Table structure for table `books`
--

CREATE TABLE `books` (
  `id` bigint(20) UNSIGNED NOT NULL,
  `book_bangla_name` varchar(255) NOT NULL,
  `book_english_name` varchar(255) NOT NULL,
  `category_id` int(11) NOT NULL,
  `writer_id` int(11) NOT NULL,
  `short_description` varchar(255) NOT NULL,
  `image` varchar(255) DEFAULT NULL,
  `price` decimal(8,2) DEFAULT NULL,
  `publising_date` date DEFAULT NULL,
  `book_of_page` int(11) DEFAULT NULL,
  `status` tinyint(1) NOT NULL DEFAULT 0,
  `created_by` tinyint(4) DEFAULT NULL,
  `created_at` timestamp NOT NULL DEFAULT current_timestamp(),
  `updated_at` timestamp NOT NULL DEFAULT current_timestamp()
) ENGINE=InnoDB DEFAULT CHARSET=utf8mb4 COLLATE=utf8mb4_unicode_ci;

--
-- Dumping data for table `books`
--

INSERT INTO `books` (`id`, `book_bangla_name`, `book_english_name`, `category_id`, `writer_id`, `short_description`, `image`, `price`, `publising_date`, `book_of_page`, `status`, `created_by`, `created_at`, `updated_at`) VALUES
(1, 'পাঞ্জেগানা অজিফা', 'ojefa so', 14, 31, 'অজিফা', '1715511130.jpg', 70.00, '2018-02-18', 144, 0, 2, '2024-06-08 08:07:12', '2024-08-29 02:05:21'),
(2, 'ডিলিট', 'delete', 1, 1, 'বাঙ্গ মাতা শেখ ফজিলাতুন নেছা মুজিব বাঙ্গ মাতা শেখ ফজিলাতুন নেছা মুজিব', '1717856089.png', 400.00, NULL, NULL, 0, 2, '2024-06-08 08:14:49', '2024-08-14 04:38:19'),
(3, 'Top 12 উচ্চারণ কোরআন সাদা', 'Top 12 Quran Sada', 10, 3, 'Top 12 উচ্চারণ কোরআন সাদা', '1719899036.jpg', 1100.00, '2024-06-10', 800, 0, 2, '2024-06-10 01:08:39', '2024-07-01 23:43:56'),
(4, 'Top 10 উচ্চারণ কোরআন সাদা', 'top- 10 quran', 10, 3, 'বাংলায় সহজ সরল অনুবাদ', '1719899074.jpg', 1000.00, '2015-08-17', 788, 0, 2, '2024-06-10 01:27:21', '2024-07-01 23:44:34'),
(5, 'Top-3 উচ্চারণ কোরআন শরীফ সাদা', 'Top -3 Quran Sada', 10, 3, 'সহজ অনুবাদ', '1719899107.jpg', 1100.00, '2022-11-10', 884, 0, 2, '2024-06-10 01:40:40', '2024-07-01 23:45:07'),
(6, 'লা- তাহযান হতাশ হবেন না', 'LATA JAN', 11, 4, 'অনুবাদ বই', '1719647422.jpg', 600.00, '2022-02-10', 512, 0, 2, '2024-06-29 01:50:22', '2024-06-29 01:50:22'),
(7, 'আর-রাহীকুল মাখতুম', 'AR RAHEKUL MAKTUM', 11, 5, 'জীবনী   গ্রন্থ', '1719649381.jpg', 900.00, '2023-04-18', 504, 0, 2, '2024-06-29 02:23:01', '2024-06-29 02:23:01'),
(8, 'ফয়যুল কালাম', 'fayjul kalam', 11, 6, 'অনুবাদ গ্রন্থ', '1719651358.jpg', 800.00, '2023-01-17', 544, 0, 2, '2024-06-29 02:55:58', '2024-06-29 02:55:58'),
(9, 'আল আযকার', 'al askar', 11, 7, 'দোয়া, যিকির আমল', '1719657218.jpg', 1350.00, '2023-06-12', 640, 0, 2, '2024-06-29 04:33:38', '2024-06-29 04:33:38'),
(10, 'পঁচিশজন নবী ও রাসুল', 'pachajon nob o rasul', 12, 8, 'জীবনীমূলক গ্রন্থ', '1719659024.jpg', 800.00, '2024-01-03', 560, 0, 2, '2024-06-29 05:03:44', '2024-06-29 05:03:44'),
(11, 'জান্নাতী ১০ রমনী', 'jannate 10 ramne', 12, 9, 'জীবনীমূলক গ্রন্থ', '1719660052.jpg', 450.00, '2023-04-05', 464, 0, 2, '2024-06-29 05:03:44', '2024-06-29 05:20:52'),
(12, '১৫২ গল্প', '152 গল্প', 5, 12, 'মূল লেখক', '1719664285.jpg', 350.00, '2006-09-19', 240, 0, 2, '2024-06-29 06:31:26', '2024-06-29 06:31:26'),
(13, 'জান্নাতী ১০ সাহাবী', 'jannati 10 sahabi', 12, 11, 'মূল লেখক', '1719664860.jpg', 600.00, '2010-01-19', 408, 0, 2, '2024-06-29 06:31:26', '2024-06-29 06:41:00'),
(14, 'লেখাপড়ার নিয়ম-পদ্ধতি ও আদব-আখলাক শিক্ষা', 'lakha porarar neom paddte adop akhlak shiha', 13, 15, 'মূল লেখক', '1719818264.jpg', 150.00, '2023-04-19', 144, 0, 2, '2024-06-29 06:31:26', '2024-07-01 01:17:45'),
(15, 'মাকসুদুল মুমেনিন বা বেহেশতের পুঞ্জী', 'maksudul mumaen', 13, 18, 'মূল লেখক', '1719817144.jpg', 400.00, '2023-04-19', 400, 0, 2, '2024-06-29 06:31:26', '2024-07-01 00:59:04'),
(16, 'সত্যের গল্প', 'satar galpo', 5, 19, 'কুরআন ও হাদীসের আলাকে গল্প', '1719811859.jpg', 90.00, '2019-10-01', 48, 0, 2, '2024-06-30 23:30:59', '2024-06-30 23:30:59'),
(17, 'হজরত রাবেয়া বসরী র.', 'rabay bahre r.', 12, 16, 'কুরআন ও হাদীসের আলাকে গল্প', '1719818622.jpg', 92.00, '2024-02-13', 200, 0, 2, '2024-06-30 23:30:59', '2024-07-01 01:23:42'),
(18, 'হজ্ব ওমরা ও যিয়ারতে মদিনা', 'haj omra o jearot', 13, 17, 'লেখক', '1719819059.jpg', 248.00, '2024-04-12', 500, 0, 2, '2024-07-01 01:30:59', '2024-07-01 01:30:59'),
(19, 'বেহেশতী জেওর মাসায়েলের অংশ', 'bahaste jaor', 15, 3, 'লেখক', '1719819565.jpg', 416.00, '2014-06-10', 300, 0, 2, '2024-07-01 01:39:25', '2024-07-01 01:39:25'),
(20, 'নেক আমল', 'nak amal', 13, 21, 'আমলের বই', '1719897598.jpg', 200.00, '2022-07-14', 232, 0, 2, '2024-07-01 23:19:58', '2024-07-01 23:19:58'),
(21, 'হযরত মরিয়ম', 'mareyom', 12, 20, 'লেখক', '1719898495.jpg', 64.00, '2014-02-05', 100, 0, 2, '2024-07-01 23:34:55', '2024-07-01 23:34:55'),
(22, 'হযরত আয়েশা', 'Yisa', 16, 20, 'লেখক', '1719899392.jpg', 80.00, '2019-02-02', 100, 0, 2, '2024-07-01 23:49:10', '2024-07-01 23:49:52'),
(23, 'হযরত হাজেরা', 'harat hajrf', 16, 20, 'বই', '1719901566.jpg', 64.00, '2019-02-15', 100, 0, 2, '2024-07-02 00:26:06', '2024-07-02 00:26:06'),
(24, 'হযরত রহিমা', 'harat  rahema', 16, 20, 'বই', '1719901754.jpg', 64.00, '2023-02-15', 100, 0, 2, '2024-07-02 00:28:22', '2024-07-02 00:29:14'),
(25, 'মরা লাশ কথা কয়', 'mara lass kata k', 14, 16, 'লেখক', '1719902091.jpg', 112.00, '2020-02-12', 100, 0, NULL, '2024-07-02 00:34:51', '2024-07-02 00:37:21'),
(26, '৫ নং কোরআন শরীফ উচ্চারণ', '5,no quran', 10, 3, 'মূল লেখক', '1720006081.jpg', 600.00, '2024-07-11', 884, 0, 2, '2024-07-03 05:28:01', '2024-07-03 05:28:01'),
(27, 'আল্র।হ নামের ফজিলত', 'allar namar fojalot', 13, 24, 'বই', '1720332939.jpg', 200.00, '2024-02-07', 104, 0, 2, '2024-07-07 00:15:39', '2024-07-07 00:15:39'),
(28, 'বেহেশতের গ্যারান্টি', 'bahatar garante', 14, 26, 'মূল লেখক', '1720337169.jpg', 130.00, '2007-06-05', 112, 0, 2, '2024-07-07 01:26:09', '2024-07-07 01:26:09'),
(29, 'সুখময় জীবন', 'sukhomay jeban', 14, 22, 'বই', '1720343610.jpg', 800.00, '2023-10-24', 424, 0, 2, '2024-07-07 03:13:30', '2024-07-07 03:13:30'),
(30, 'বোখারী শরীফ বড়', 'bukhre b', 14, 28, 'বই', '1720344411.jpg', 1300.00, '2016-01-07', 1144, 0, 2, '2024-07-07 03:26:51', '2024-07-07 03:26:51'),
(31, 'দোয়া দরুদ ও আমলিয়াত', 'doaa dorur o amleat', 13, 29, 'বই', '1720349095.jpg', 400.00, '2012-01-07', 400, 0, 2, '2024-07-07 04:42:58', '2024-07-07 04:44:55'),
(32, 'গুলিস্তাঁ বোস্তাঁ', 'gulesata bosata', 14, 12, 'বই', '1720349708.jpg', 300.00, '2020-01-07', 288, 0, 2, '2024-07-07 04:50:34', '2024-07-07 04:55:08'),
(33, 'পর্দা কি ও কেনো', 'parda ki', 14, 3, 'অনুবাদ', '1720351128.jpg', 170.00, '2022-11-16', 112, 0, 2, '2024-07-07 05:18:48', '2024-07-07 05:18:48'),
(34, 'কুরআন শরীফ', 'quran', 14, 33, 'অ', '1720418472.jpg', 250.00, '2024-03-06', 674, 0, 2, '2024-07-08 00:01:12', '2024-07-08 00:01:12'),
(35, 'হিসনুল মুসলিম (পকেট)', 'hisnul muslem', 13, 30, 'মূল লেখক', '1720418993.jpg', 140.00, '2024-07-03', 416, 0, 2, '2024-07-08 00:09:53', '2024-07-08 00:09:53'),
(36, 'মরনের আগে ও পরে', 'maranar aga o para', 14, 26, 'বই', '1720419528.jpg', 550.00, '2023-06-14', 448, 0, 2, '2024-07-08 00:16:36', '2024-07-08 00:18:48'),
(37, 'অজিফা বড়', 'ozefa bro', 14, 31, 'লেখক', '1720420445.jpg', 230.00, '2024-04-08', 480, 0, 2, '2024-07-08 00:34:05', '2024-07-08 00:34:05'),
(38, 'তিন ভাষায় কুরআন শরীফ', 'TEN VAHA QURAB', 18, 3, 'কুরআন শরীফ', '1720593484.jpg', 1000.00, '2021-01-10', 784, 0, 2, '2024-07-10 00:38:04', '2024-07-10 00:38:04'),
(39, '৩ নং কুরাআন শরীফ', '3 N0 QURAN', 18, 33, 'বই', '1720593771.jpg', 245.00, NULL, 676, 0, 2, '2024-07-10 00:42:51', '2024-07-10 00:42:51'),
(40, '১ নং আরবী কুরআন', 'QURAN SREF 1 NO', 18, 33, 'বই', '1720594015.jpg', 245.00, '2023-01-10', 676, 0, 2, '2024-07-10 00:46:55', '2024-07-10 00:46:55'),
(41, '৭ নং কুরাআন শরীফ', 'QURAN SAREf -7 NO', 18, 33, 'কুরাআন শরীফ', '1720594262.jpg', 250.00, '2024-07-18', 676, 0, 2, '2024-07-10 00:51:02', '2024-07-10 00:51:02'),
(42, 'কুরাআন শরীফ A +', 'QURAN SAREF A +', 18, 33, 'বই', '1720594570.jpg', 245.00, '2024-02-15', 676, 0, 2, '2024-07-10 00:56:10', '2024-07-10 00:56:10'),
(43, 'হাফেজি কুরআন লেমি', 'HAFEJI QURAN --L', 17, 33, 'বই', '1720594911.jpg', 130.00, '2024-07-17', 418, 0, 2, '2024-07-10 01:01:51', '2024-07-10 01:01:51'),
(44, 'বোখারী শরীফ', 'BUKHARE SAREf -B', 19, 28, 'মূল লেখক', '1720595670.jpg', 1300.00, '2023-07-20', 1144, 0, 2, '2024-07-10 01:14:30', '2024-07-10 01:14:30'),
(45, 'তাসাউফ ও আত্মশুদ্ধি', 'TASAUB O ATOSUDDE', 14, 13, 'মূল লেখক', '1720596351.jpg', 500.00, '2023-07-10', 288, 0, 2, '2024-07-10 01:25:51', '2024-07-10 01:25:51'),
(46, 'ফেরাউনের স্বপ্ন', 'FARAUNAR SAPNO', 12, 14, 'জীবনী ভিত্তিক উপন্যাস', '1720596792.jpg', 350.00, '2024-02-10', 160, 0, 2, '2024-07-10 01:33:12', '2024-07-10 01:33:12'),
(47, 'তাসকিরাতুল আওলিয়া', 'TASKERATUL AOLEA', 12, 23, 'লেখক', '1720597272.jpg', 650.00, '2013-09-10', 520, 0, 2, '2024-07-10 01:41:12', '2024-07-10 01:41:12'),
(48, 'বিশ্ব নবীর জীবনী', 'BESSONOBE GEBANE', 12, 35, 'জীবনী মুলক গ্রন্থ', '1720597963.jpg', 500.00, '2020-11-10', 536, 0, 2, '2024-07-10 01:52:43', '2024-07-10 01:52:43'),
(49, '১৩ নং কুরআন শরীফ', '13 N0 QURAN', 18, 33, 'কুরআন', '1720599225.jpg', 200.00, '2024-07-10', 556, 0, 2, '2024-07-10 02:13:45', '2024-07-10 02:13:45'),
(50, 'ফাতেমা রা.', 'fatama ra.', 12, 32, 'বই', '1720605089.jpg', 200.00, '2024-01-10', 160, 0, 2, '2024-07-10 03:51:29', '2024-07-10 03:51:29'),
(51, 'মেরাজ গমন', 'marajgoman', 16, 36, 'বই', '1720676573.jpg', 80.00, '2014-09-11', 64, 0, 2, '2024-07-10 23:42:53', '2024-07-10 23:42:53'),
(52, 'নিয়ামুল কুরআন বড়', 'niamul quran bro', 14, 24, 'কুরানের আমল', '1720676901.jpg', 500.00, '2012-01-11', 560, 0, 2, '2024-07-10 23:48:21', '2024-07-10 23:48:21'),
(53, 'নিয়ামুল কুরআন ছোট', 'niamul quran s', 14, 24, 'বই', '1720677173.jpg', 400.00, '2014-01-11', 384, 0, 2, '2024-07-10 23:52:53', '2024-07-10 23:52:53'),
(54, 'হযরত ইব্রাহীম আ.', 'ebrahem a.', 12, 37, 'বই', '1720677773.jpg', 350.00, '2020-04-11', 320, 0, 2, '2024-07-11 00:02:53', '2024-07-11 00:02:53'),
(55, 'হযরত মুসা আ.', 'musha a.', 12, 37, 'বই', '1720678063.jpg', 350.00, '2016-08-11', 320, 0, 2, '2024-07-11 00:07:43', '2024-07-11 00:07:43'),
(56, 'হযরত খাদীজা রা.', 'khadaja r.', 12, 20, 'লেখক', '1720678376.jpg', 100.00, '2019-02-11', 64, 0, 2, '2024-07-11 00:12:56', '2024-07-11 00:12:56'),
(57, 'নামাজ শিক্ষা মাঝারি', 'namaj sakha m', 14, 31, 'বই', '1720952713.jpg', 200.00, '2022-11-17', 240, 0, 2, '2024-07-14 04:25:13', '2024-07-14 04:25:13'),
(58, 'নামাজ শিক্ষা পাতলা', 'namaj sikkha patla', 14, 38, 'বই', '1720955239.jpg', 40.00, '2013-06-14', 72, 0, 2, '2024-07-14 05:07:19', '2024-07-14 05:07:19'),
(59, 'অজিফা মাঝারি', 'ajefa m', 14, 24, 'বই', '1720955641.jpg', 220.00, '2016-02-16', 272, 0, 2, '2024-07-14 05:14:01', '2024-07-14 05:14:01'),
(60, 'স্বামী-স্ত্রীর মধুর মিলন ও দাযিত্ব কর্তব', 'samestrer mdur melon', 14, 27, 'বই', '1721022186.jpg', 550.00, '2023-02-15', 400, 0, 2, '2024-07-14 23:43:06', '2024-07-14 23:43:06'),
(61, 'বড় পীর আব্দুল কাদের জিলানী', 'BARO PER ABDUL KADAR JELANE', 12, 35, 'বই', '1721022623.jpg', 160.00, '2015-02-17', 144, 0, 2, '2024-07-14 23:50:23', '2024-07-14 23:50:23'),
(62, 'হজরত আছিয়া রা.', 'asea', 12, 20, 'বই', '1721121933.jpg', 100.00, '2016-01-16', 80, 0, 2, '2024-07-16 03:25:33', '2024-07-16 03:25:33'),
(63, 'কবিরা গুনাহ', 'KABERA GUNA', 14, 7, 'বই', '1721125853.jpg', 200.00, '2012-05-16', 224, 0, 2, '2024-07-16 04:30:53', '2024-07-16 04:30:53'),
(64, 'A+ উচ্চারণ কোরান শরীফ', 'A+ quran', 18, 3, 'A+ উচ্চারণ কোরান শরীফ', NULL, 800.00, '2024-08-07', 676, 0, 2, '2024-08-14 04:25:39', '2024-08-31 02:44:23');

-- --------------------------------------------------------

--
-- Table structure for table `cache`
--

CREATE TABLE `cache` (
  `key` varchar(255) NOT NULL,
  `value` mediumtext NOT NULL,
  `expiration` int(11) NOT NULL
) ENGINE=InnoDB DEFAULT CHARSET=utf8mb4 COLLATE=utf8mb4_unicode_ci;

-- --------------------------------------------------------

--
-- Table structure for table `cache_locks`
--

CREATE TABLE `cache_locks` (
  `key` varchar(255) NOT NULL,
  `owner` varchar(255) NOT NULL,
  `expiration` int(11) NOT NULL
) ENGINE=InnoDB DEFAULT CHARSET=utf8mb4 COLLATE=utf8mb4_unicode_ci;

-- --------------------------------------------------------

--
-- Table structure for table `categories`
--

CREATE TABLE `categories` (
  `id` bigint(20) UNSIGNED NOT NULL,
  `name` varchar(255) NOT NULL,
  `short_description` varchar(255) DEFAULT NULL,
  `created_by` tinyint(4) DEFAULT NULL,
  `created_at` timestamp NOT NULL DEFAULT current_timestamp(),
  `updated_at` timestamp NOT NULL DEFAULT current_timestamp()
) ENGINE=InnoDB DEFAULT CHARSET=utf8mb4 COLLATE=utf8mb4_unicode_ci;

--
-- Dumping data for table `categories`
--

INSERT INTO `categories` (`id`, `name`, `short_description`, `created_by`, `created_at`, `updated_at`) VALUES
(1, 'বঙ্গবন্ধু ও মুক্তিযুদ্ধ', 'বঙ্গবন্ধু ও মুক্তিযুদ্ধ বঙ্গবন্ধু ও মুক্তিযুদ্ধ', 2, '2024-06-08 07:41:52', '2024-06-08 07:41:52'),
(2, 'উপন্যাস', 'উপন্যাস উপন্যাস উপন্যাস', 2, '2024-06-08 07:51:42', '2024-06-08 07:51:42'),
(3, 'কিশোর ছড়া-কবিতা', 'কিশোর ছড়া-কবিতা ( Juvenile rhymes )', 2, '2024-06-08 07:53:08', '2024-06-08 07:53:08'),
(4, 'কবিতা', 'কবিতা কবিতা কবিতা', 2, '2024-06-08 07:53:30', '2024-06-08 07:53:30'),
(5, 'কিশোর গল্প', 'কিশোর গল্প কিশোর গল্প', 2, '2024-06-08 07:54:30', '2024-06-08 07:54:30'),
(6, 'বড়দের গল্প', 'বড়দের গল্প', 2, '2024-06-08 07:57:14', '2024-06-08 07:57:14'),
(7, 'প্রবন্ধ', 'প্রবন্ধ প্রবন্ধ', 2, '2024-06-08 07:57:50', '2024-06-08 07:57:50'),
(8, 'বিজ্ঞান', 'বিজ্ঞান বিজ্ঞান', 2, '2024-06-08 07:58:21', '2024-06-08 07:58:21'),
(9, 'কিশোর ছড়া', 'কিশোর ছড়া  কিশোর ছড়া', 2, '2024-06-08 07:59:29', '2024-06-08 07:59:29'),
(10, 'কুরআন শরীফ', 'কুরআন শরীফ', 2, '2024-06-10 01:06:38', '2024-06-10 01:06:38'),
(11, 'অনুবাদ', 'আরবী অনুবাদ', 2, '2024-06-29 01:44:48', '2024-06-29 01:44:48'),
(12, 'জীবনী', 'জীবনী', 2, '2024-06-29 04:52:40', '2024-06-29 04:52:40'),
(13, 'আমল ও দোয়া', 'ধর্ম গ্রন্থ', 2, '2024-06-30 23:37:11', '2024-06-30 23:37:11'),
(14, 'ধর্ম', 'বুক', 2, '2024-07-01 01:32:55', '2024-07-01 01:32:55'),
(15, 'মাসলামায়েল', 'বুক', 2, '2024-07-01 01:34:04', '2024-07-01 01:34:04'),
(16, 'ছোটদের জীবনী', 'বুক', 2, '2024-07-01 01:35:00', '2024-07-01 01:35:00'),
(17, 'হাফেজি কুরান', 'বই', 2, '2024-07-07 01:55:57', '2024-07-07 01:55:57'),
(18, 'কুরআন', 'কুরআন', 2, '2024-07-08 00:27:50', '2024-07-08 00:27:50'),
(19, 'হাদিস শরিফ', 'বই', 2, '2024-07-10 01:05:59', '2024-07-10 01:05:59');

-- --------------------------------------------------------

--
-- Table structure for table `customers`
--

CREATE TABLE `customers` (
  `id` bigint(20) UNSIGNED NOT NULL,
  `name` varchar(255) DEFAULT NULL,
  `phone` varchar(15) DEFAULT NULL,
  `address` varchar(255) DEFAULT NULL,
  `created_by` tinyint(4) DEFAULT NULL,
  `status` tinyint(1) NOT NULL DEFAULT 0,
  `created_at` timestamp NOT NULL DEFAULT current_timestamp(),
  `updated_at` timestamp NOT NULL DEFAULT current_timestamp()
) ENGINE=InnoDB DEFAULT CHARSET=utf8mb4 COLLATE=utf8mb4_unicode_ci;

--
-- Dumping data for table `customers`
--

INSERT INTO `customers` (`id`, `name`, `phone`, `address`, `created_by`, `status`, `created_at`, `updated_at`) VALUES
(1, 'Unknown', '1234', 'Unknown', 2, 0, '2024-06-08 08:17:57', '2024-06-09 12:22:42'),
(17, 'আবুল কালাম', '01731536167', 'বাংলাবাজার', 2, 0, '2024-06-10 01:53:06', '2024-06-10 01:53:06'),
(18, 'নূরুল আলম (বা)', '01910000000', 'বাইতুলমোকারম', 2, 0, '2024-07-03 05:08:46', '2024-07-03 05:08:46'),
(19, 'আজিজিয়া', '019000000', 'বাইতুলমোকারম', 2, 0, '2024-07-03 05:12:01', '2024-07-03 05:12:01'),
(20, 'জাহিদ', '01900000', 'বাইতুলমোকারম', 2, 0, '2024-07-03 05:14:41', '2024-07-03 05:14:41'),
(21, 'অন্যরকম ডট কম', '01519521971', 'বাংলাবাজার ঢাকা ১০০', 2, 0, '2024-07-07 05:13:25', '2024-07-07 05:13:25'),
(22, 'লিটন', '01748632522', 'বাংলাবাজার', 2, 0, '2024-07-08 00:46:08', '2024-07-08 00:46:08'),
(23, 'মালেক মাহমুদ', '01912238187', 'বাংলাবাজার', 2, 0, '2024-07-08 00:47:37', '2024-07-08 00:47:37'),
(29, 'শাওন মোল্লা', '0186155396', 'বাংলাবাজার (প্রতিনিধী)', 2, 0, '2024-07-14 23:31:45', '2024-07-14 23:31:45'),
(31, 'নগদ', NULL, NULL, 2, 0, '2024-08-17 02:06:12', '2024-08-17 02:06:12'),
(32, 'শাওন হোসেন', '০১৬৩৮৯৪৪৭১৭', 'বাংলাবাজার', 2, 0, '2024-08-29 01:34:20', '2024-08-29 01:34:20'),
(37, 'রশিদ বুক হাউজ', NULL, '৬ বাংলাবাজার', 2, 0, '2024-08-31 02:52:12', '2024-08-31 02:52:12');

-- --------------------------------------------------------

--
-- Table structure for table `failed_jobs`
--

CREATE TABLE `failed_jobs` (
  `id` bigint(20) UNSIGNED NOT NULL,
  `uuid` varchar(255) NOT NULL,
  `connection` text NOT NULL,
  `queue` text NOT NULL,
  `payload` longtext NOT NULL,
  `exception` longtext NOT NULL,
  `failed_at` timestamp NOT NULL DEFAULT current_timestamp()
) ENGINE=InnoDB DEFAULT CHARSET=utf8mb4 COLLATE=utf8mb4_unicode_ci;

-- --------------------------------------------------------

--
-- Table structure for table `jobs`
--

CREATE TABLE `jobs` (
  `id` bigint(20) UNSIGNED NOT NULL,
  `queue` varchar(255) NOT NULL,
  `payload` longtext NOT NULL,
  `attempts` tinyint(3) UNSIGNED NOT NULL,
  `reserved_at` int(10) UNSIGNED DEFAULT NULL,
  `available_at` int(10) UNSIGNED NOT NULL,
  `created_at` int(10) UNSIGNED NOT NULL
) ENGINE=InnoDB DEFAULT CHARSET=utf8mb4 COLLATE=utf8mb4_unicode_ci;

-- --------------------------------------------------------

--
-- Table structure for table `job_batches`
--

CREATE TABLE `job_batches` (
  `id` varchar(255) NOT NULL,
  `name` varchar(255) NOT NULL,
  `total_jobs` int(11) NOT NULL,
  `pending_jobs` int(11) NOT NULL,
  `failed_jobs` int(11) NOT NULL,
  `failed_job_ids` longtext NOT NULL,
  `options` mediumtext DEFAULT NULL,
  `cancelled_at` int(11) DEFAULT NULL,
  `created_at` int(11) NOT NULL,
  `finished_at` int(11) DEFAULT NULL
) ENGINE=InnoDB DEFAULT CHARSET=utf8mb4 COLLATE=utf8mb4_unicode_ci;

-- --------------------------------------------------------

--
-- Table structure for table `migrations`
--

CREATE TABLE `migrations` (
  `id` int(10) UNSIGNED NOT NULL,
  `migration` varchar(255) NOT NULL,
  `batch` int(11) NOT NULL
) ENGINE=InnoDB DEFAULT CHARSET=utf8mb4 COLLATE=utf8mb4_unicode_ci;

--
-- Dumping data for table `migrations`
--

INSERT INTO `migrations` (`id`, `migration`, `batch`) VALUES
(1, '0001_01_01_000000_create_users_table', 1),
(2, '0001_01_01_000001_create_cache_table', 1),
(3, '0001_01_01_000002_create_jobs_table', 1),
(4, '2024_05_12_005457_create_writers_table', 1),
(5, '2024_05_12_005516_create_categories_table', 1),
(6, '2024_05_12_060624_create_books_table', 2),
(9, '2024_05_12_090758_add_book_of_page_to_books_table', 3),
(11, '2024_05_12_112343_create_stock_details_table', 4),
(15, '2024_05_12_112323_create_stock_table', 5),
(16, '2024_05_12_060642_create_customers_table', 6),
(19, '2024_05_24_164056_add_price_to_books_table', 7),
(20, '2024_05_12_112413_create_sales_table', 8),
(21, '2024_05_12_112423_create_sale_details_table', 8);

-- --------------------------------------------------------

--
-- Table structure for table `password_reset_tokens`
--

CREATE TABLE `password_reset_tokens` (
  `email` varchar(255) NOT NULL,
  `token` varchar(255) NOT NULL,
  `created_at` timestamp NULL DEFAULT NULL
) ENGINE=InnoDB DEFAULT CHARSET=utf8mb4 COLLATE=utf8mb4_unicode_ci;

-- --------------------------------------------------------

--
-- Table structure for table `press_lists`
--

CREATE TABLE `press_lists` (
  `id` bigint(20) UNSIGNED NOT NULL,
  `name` varchar(255) NOT NULL,
  `address` varchar(255) DEFAULT NULL,
  `created_by` int(11) DEFAULT NULL,
  `created_at` timestamp NOT NULL DEFAULT current_timestamp(),
  `updated_at` timestamp NOT NULL DEFAULT current_timestamp()
) ENGINE=InnoDB DEFAULT CHARSET=utf8mb4 COLLATE=utf8mb4_unicode_ci;

--
-- Dumping data for table `press_lists`
--

INSERT INTO `press_lists` (`id`, `name`, `address`, `created_by`, `created_at`, `updated_at`) VALUES
(1, 'press', 'chf', NULL, '2024-08-13 05:13:37', '2024-08-13 05:13:37'),
(2, 'বরাত প্রেস', 'শিংটোলা', NULL, '2024-08-14 04:15:54', '2024-08-14 04:15:54');

-- --------------------------------------------------------

--
-- Table structure for table `printing_presses`
--

CREATE TABLE `printing_presses` (
  `id` bigint(20) UNSIGNED NOT NULL,
  `press_list_id` tinyint(4) NOT NULL,
  `book_id` tinyint(4) NOT NULL,
  `total_order` int(11) NOT NULL,
  `remaining_order` int(11) NOT NULL,
  `created_by` tinyint(4) DEFAULT NULL,
  `created_at` timestamp NOT NULL DEFAULT current_timestamp(),
  `updated_at` timestamp NOT NULL DEFAULT current_timestamp()
) ENGINE=InnoDB DEFAULT CHARSET=utf8mb4 COLLATE=utf8mb4_unicode_ci;

--
-- Dumping data for table `printing_presses`
--

INSERT INTO `printing_presses` (`id`, `press_list_id`, `book_id`, `total_order`, `remaining_order`, `created_by`, `created_at`, `updated_at`) VALUES
(1, 2, 64, 1000, 0, 2, '2024-08-14 04:26:30', '2024-08-14 04:29:05'),
(3, 2, 6, 1000, 0, 2, '2024-08-28 23:28:39', '2024-08-28 23:38:36');

-- --------------------------------------------------------

--
-- Table structure for table `printing_press_details`
--

CREATE TABLE `printing_press_details` (
  `id` bigint(20) UNSIGNED NOT NULL,
  `printing_list_id` tinyint(4) NOT NULL,
  `book_id` tinyint(4) NOT NULL,
  `received_order` int(11) NOT NULL,
  `created_by` tinyint(4) DEFAULT NULL,
  `created_at` timestamp NOT NULL DEFAULT current_timestamp(),
  `updated_at` timestamp NOT NULL DEFAULT current_timestamp()
) ENGINE=InnoDB DEFAULT CHARSET=utf8mb4 COLLATE=utf8mb4_unicode_ci;

--
-- Dumping data for table `printing_press_details`
--

INSERT INTO `printing_press_details` (`id`, `printing_list_id`, `book_id`, `received_order`, `created_by`, `created_at`, `updated_at`) VALUES
(1, 2, 64, 1000, 2, '2024-08-14 04:26:30', '2024-08-14 04:26:30'),
(2, 2, 6, 1000, 2, '2024-08-19 06:10:32', '2024-08-19 06:10:32'),
(3, 2, 6, 1000, 2, '2024-08-27 00:57:19', '2024-08-27 00:57:19'),
(4, 2, 6, 1000, 2, '2024-08-28 23:28:39', '2024-08-28 23:28:39');

-- --------------------------------------------------------

--
-- Table structure for table `sales`
--

CREATE TABLE `sales` (
  `id` bigint(20) UNSIGNED NOT NULL,
  `customer_id` int(11) DEFAULT NULL,
  `invoiceID` varchar(7) DEFAULT NULL,
  `total_quantity` varchar(255) NOT NULL,
  `total_price` decimal(10,2) NOT NULL,
  `user_id` int(11) DEFAULT NULL,
  `discount` int(11) NOT NULL,
  `status` tinyint(1) NOT NULL DEFAULT 0,
  `created_at` timestamp NOT NULL DEFAULT current_timestamp(),
  `updated_at` timestamp NOT NULL DEFAULT current_timestamp()
) ENGINE=InnoDB DEFAULT CHARSET=utf8mb4 COLLATE=utf8mb4_unicode_ci;

--
-- Dumping data for table `sales`
--

INSERT INTO `sales` (`id`, `customer_id`, `invoiceID`, `total_quantity`, `total_price`, `user_id`, `discount`, `status`, `created_at`, `updated_at`) VALUES
(1, 1, 'INVO#01', '5', 500.00, 2, 0, 0, '2024-06-10 01:02:57', '2024-06-10 01:02:57'),
(2, 1, 'INVO#02', '5', 1850.00, 2, 0, 0, '2024-06-10 01:12:32', '2024-06-10 01:12:32'),
(3, 17, 'INVO#03', '5', 1850.00, 2, 0, 0, '2024-06-10 01:55:19', '2024-06-10 01:55:19'),
(4, 17, 'INVO#04', '11', 2470.00, 2, 0, 0, '2024-07-03 04:50:31', '2024-07-03 04:50:31'),
(5, 18, 'INVO#05', '5', 1000.00, 2, 0, 0, '2024-07-03 05:09:52', '2024-07-03 05:09:52'),
(6, 19, 'INVO#06', '5', 1000.00, 2, 0, 0, '2024-07-03 05:12:51', '2024-07-03 05:12:51'),
(7, 20, 'INVO#07', '2', 240.00, 2, 0, 0, '2024-07-03 05:38:10', '2024-07-03 05:38:10'),
(8, 20, 'INVO#08', '5', 1035.00, 2, 0, 0, '2024-07-03 05:41:29', '2024-07-03 05:41:29'),
(9, 1, 'INVO#09', '74', 2220.00, 2, 0, 0, '2024-07-07 00:37:47', '2024-07-07 00:37:47'),
(10, 18, 'INVO#10', '5', 1800.00, 2, 0, 0, '2024-07-07 04:32:40', '2024-07-07 04:32:40'),
(11, 1, 'INVO#11', '2', 360.00, 2, 0, 0, '2024-07-07 04:35:25', '2024-07-07 04:35:25'),
(12, 1, 'INVO#12', '2', 720.00, 2, 0, 0, '2024-07-07 04:36:26', '2024-07-07 04:36:26'),
(13, 1, 'INVO#13', '20', 1080.00, 2, 0, 0, '2024-07-07 05:35:34', '2024-07-07 05:35:34'),
(14, 1, 'INVO#14', '1', 150.00, 2, 0, 0, '2024-07-07 06:08:06', '2024-07-07 06:08:06'),
(15, 1, 'INVO#15', '331', 56270.00, 2, 0, 0, '2024-07-08 00:41:20', '2024-07-08 00:41:20'),
(16, 23, 'INVO#16', '2', 396.00, 2, 0, 0, '2024-07-08 04:43:51', '2024-07-08 04:43:51'),
(17, 23, 'INVO#17', '10', 1935.00, 2, 0, 0, '2024-07-08 04:45:47', '2024-07-08 04:45:47'),
(18, 23, 'INVO#18', '2', 360.00, 2, 0, 0, '2024-07-08 05:10:04', '2024-07-08 05:10:04'),
(19, 22, 'INVO#19', '30', 4734.00, 2, 0, 0, '2024-07-10 02:01:01', '2024-07-10 02:01:01'),
(20, 22, 'INVO#20', '2', 720.00, 2, 0, 0, '2024-07-10 02:03:16', '2024-07-10 02:03:16'),
(21, 22, 'INVO#21', '6', 1755.00, 2, 0, 0, '2024-07-10 02:05:47', '2024-07-10 02:05:47'),
(22, 17, 'INVO#22', '68', 12400.00, 2, 0, 0, '2024-07-10 03:37:28', '2024-07-10 03:37:28'),
(23, 17, 'INVO#23', '10', 600.00, 2, 0, 0, '2024-07-10 03:55:04', '2024-07-10 03:55:04'),
(24, 23, 'INVO#24', '3', 621.00, 2, 0, 0, '2024-07-10 03:56:53', '2024-07-10 03:56:53'),
(25, 22, 'INVO#25', '28', 9072.00, 2, 0, 0, '2024-07-14 03:57:23', '2024-07-14 03:57:23'),
(26, 22, 'INVO#26', '9', 2970.00, 2, 0, 0, '2024-07-14 04:18:41', '2024-07-14 04:18:41'),
(27, 17, 'INVO#27', '67', 13950.00, 2, 0, 0, '2024-07-14 04:39:54', '2024-07-14 04:39:54'),
(28, 17, 'INVO#28', '95', 6550.00, 2, 0, 0, '2024-07-14 04:52:40', '2024-07-14 04:52:40'),
(29, 17, 'INVO#29', '125', 12460.00, 2, 0, 0, '2024-07-14 05:19:50', '2024-07-14 05:19:50'),
(30, 23, 'INVO#30', '7', 1755.00, 2, 0, 0, '2024-07-14 05:27:33', '2024-07-14 05:27:33'),
(31, 29, 'INVO#31', '86', 13610.00, 2, 0, 0, '2024-07-15 00:12:53', '2024-07-15 00:12:53'),
(32, 29, 'INVO#32', '38', 4810.00, 2, 0, 0, '2024-07-15 00:27:20', '2024-07-15 00:27:20'),
(33, 29, 'INVO#33', '41', 4720.00, 2, 0, 0, '2024-07-15 01:39:13', '2024-07-15 01:39:13'),
(34, 29, 'INVO#34', '25', 2500.00, 2, 0, 0, '2024-07-15 01:52:11', '2024-07-15 01:52:11'),
(35, 22, 'INVO#35', '10', 2150.00, 2, 0, 0, '2024-07-15 01:56:32', '2024-07-15 01:56:32'),
(36, 1, 'INVO#36', '20', 4100.00, 2, 0, 0, '2024-07-15 04:09:11', '2024-07-15 04:09:11'),
(37, 29, 'INVO#37', '25', 4820.00, 2, 0, 0, '2024-07-15 05:21:30', '2024-07-15 05:21:30'),
(38, 29, 'INVO#38', '64', 12740.00, 2, 0, 0, '2024-07-15 05:31:25', '2024-07-15 05:31:25'),
(39, 29, 'INVO#39', '8', 3000.00, 2, 0, 0, '2024-07-15 05:37:09', '2024-07-15 05:37:09'),
(40, 23, 'INVO#40', '4', 720.00, 2, 0, 0, '2024-07-15 06:53:45', '2024-07-15 06:53:45'),
(41, 1, 'INVO#41', '5', 250.00, 2, 0, 0, '2024-07-16 03:36:12', '2024-07-16 03:36:12'),
(42, 1, 'INVO#41', '5', 250.00, 2, 0, 0, '2024-07-16 03:36:12', '2024-07-16 03:36:12'),
(43, 1, 'INVO#42', '5', 250.00, 2, 0, 0, '2024-07-16 03:36:13', '2024-07-16 03:36:13'),
(44, 17, 'INVO#43', '237', 23100.00, 2, 0, 0, '2024-07-16 04:43:52', '2024-07-16 04:43:52'),
(45, 17, 'INVO#44', '20', 2900.00, 2, 0, 0, '2024-07-16 04:48:57', '2024-07-16 04:48:57'),
(46, 22, 'INVO#45', '2', 720.00, 2, 0, 0, '2024-07-29 00:09:43', '2024-07-29 00:09:43'),
(47, 17, 'INVO#46', '35', 8235.00, 2, 0, 0, '2024-07-29 00:11:54', '2024-07-29 00:11:54'),
(48, 17, 'INVO#47', '170', 50310.00, 2, 0, 0, '2024-07-29 00:14:31', '2024-07-29 00:14:31'),
(49, 1, 'INVO#48', '3', 607.20, 2, 0, 0, '2024-07-29 01:38:44', '2024-07-29 01:38:44'),
(50, 1, 'INVO#49', '19', 2326.50, 2, 0, 0, '2024-07-30 00:15:26', '2024-07-30 00:15:26'),
(51, 29, 'INVO#50', '53', 5904.00, 2, 0, 0, '2024-07-30 04:52:32', '2024-07-30 04:52:32'),
(52, 1, 'INVO#51', '15', 232.00, 2, 0, 0, '2024-07-30 22:54:43', '2024-07-30 22:54:43'),
(55, 22, 'INVO#52', '5', 1035.00, 2, 0, 0, '2024-08-15 02:17:47', '2024-08-15 02:17:47'),
(56, 31, 'INVO#53', '1', 370.00, 2, 50, 0, '2024-08-17 02:06:12', '2024-08-17 02:06:12'),
(57, 23, 'INVO#54', '1', 207.00, 2, 0, 0, '2024-08-21 07:16:00', '2024-08-21 07:16:00'),
(58, 37, 'INVO#55', '3', 690.00, 2, 0, 0, '2024-08-31 02:52:12', '2024-08-31 02:52:12'),
(59, 32, 'INVO#56', '89', 20040.00, 2, 10, 0, '2024-08-31 03:03:24', '2024-08-31 03:03:24'),
(60, 22, 'INVO#57', '49', 11090.00, 2, 10, 0, '2024-08-31 03:13:07', '2024-08-31 03:13:07');

-- --------------------------------------------------------

--
-- Table structure for table `sale_details`
--

CREATE TABLE `sale_details` (
  `id` bigint(20) UNSIGNED NOT NULL,
  `book_id` tinyint(4) NOT NULL,
  `stock_details_id` tinyint(4) NOT NULL,
  `sales_id` tinyint(4) NOT NULL,
  `quantity` int(11) NOT NULL,
  `price` decimal(10,2) NOT NULL,
  `discount` decimal(8,2) NOT NULL,
  `subtotal` decimal(10,2) NOT NULL,
  `status` tinyint(1) NOT NULL DEFAULT 0,
  `created_at` timestamp NOT NULL DEFAULT current_timestamp(),
  `updated_at` timestamp NOT NULL DEFAULT current_timestamp()
) ENGINE=InnoDB DEFAULT CHARSET=utf8mb4 COLLATE=utf8mb4_unicode_ci;

--
-- Dumping data for table `sale_details`
--

INSERT INTO `sale_details` (`id`, `book_id`, `stock_details_id`, `sales_id`, `quantity`, `price`, `discount`, `subtotal`, `status`, `created_at`, `updated_at`) VALUES
(1, 2, 0, 1, 5, 100.00, 0.00, 500.00, 0, '2024-06-10 01:02:57', '2024-06-10 01:02:57'),
(2, 3, 0, 2, 5, 370.00, 0.00, 1850.00, 0, '2024-06-10 01:12:32', '2024-06-10 01:12:32'),
(3, 3, 0, 3, 5, 370.00, 0.00, 1850.00, 0, '2024-06-10 01:55:19', '2024-06-10 01:55:19'),
(4, 25, 0, 4, 5, 50.00, 0.00, 250.00, 0, '2024-07-03 04:50:31', '2024-07-03 04:50:31'),
(5, 3, 0, 4, 6, 370.00, 0.00, 2220.00, 0, '2024-07-03 04:50:31', '2024-07-03 04:50:31'),
(6, 9, 0, 5, 5, 200.00, 0.00, 1000.00, 0, '2024-07-03 05:09:52', '2024-07-03 05:09:52'),
(7, 9, 0, 6, 5, 200.00, 0.00, 1000.00, 0, '2024-07-03 05:12:51', '2024-07-03 05:12:51'),
(8, 18, 0, 7, 2, 120.00, 0.00, 240.00, 0, '2024-07-03 05:38:10', '2024-07-03 05:38:10'),
(9, 7, 0, 8, 5, 230.00, 0.00, 1035.00, 0, '2024-07-03 05:41:29', '2024-07-03 05:41:29'),
(10, 14, 0, 9, 74, 60.00, 0.00, 2220.00, 0, '2024-07-07 00:37:47', '2024-07-07 00:37:47'),
(11, 30, 0, 10, 5, 400.00, 0.00, 1800.00, 0, '2024-07-07 04:32:40', '2024-07-07 04:32:40'),
(12, 9, 0, 11, 2, 200.00, 0.00, 360.00, 0, '2024-07-07 04:35:25', '2024-07-07 04:35:25'),
(13, 30, 0, 12, 2, 400.00, 0.00, 720.00, 0, '2024-07-07 04:36:26', '2024-07-07 04:36:26'),
(14, 33, 0, 13, 20, 60.00, 0.00, 1080.00, 0, '2024-07-07 05:35:34', '2024-07-07 05:35:34'),
(15, 32, 0, 14, 1, 150.00, 0.00, 150.00, 0, '2024-07-07 06:08:06', '2024-07-07 06:08:06'),
(16, 13, 0, 15, 331, 170.00, 0.00, 56270.00, 0, '2024-07-08 00:41:20', '2024-07-08 00:41:20'),
(17, 10, 0, 16, 2, 220.00, 0.00, 396.00, 0, '2024-07-08 04:43:51', '2024-07-08 04:43:51'),
(18, 9, 0, 17, 5, 200.00, 0.00, 900.00, 0, '2024-07-08 04:45:47', '2024-07-08 04:45:47'),
(19, 7, 0, 17, 5, 230.00, 0.00, 1035.00, 0, '2024-07-08 04:45:47', '2024-07-08 04:45:47'),
(20, 9, 0, 18, 2, 200.00, 0.00, 360.00, 0, '2024-07-08 05:10:04', '2024-07-08 05:10:04'),
(21, 5, 0, 19, 5, 360.00, 0.00, 1620.00, 0, '2024-07-10 02:01:01', '2024-07-10 02:01:01'),
(22, 9, 0, 19, 5, 200.00, 0.00, 900.00, 0, '2024-07-10 02:01:01', '2024-07-10 02:01:01'),
(23, 18, 0, 19, 3, 120.00, 0.00, 324.00, 0, '2024-07-10 02:01:01', '2024-07-10 02:01:01'),
(24, 29, 0, 19, 3, 160.00, 0.00, 432.00, 0, '2024-07-10 02:01:01', '2024-07-10 02:01:01'),
(25, 11, 0, 19, 2, 140.00, 0.00, 252.00, 0, '2024-07-10 02:01:01', '2024-07-10 02:01:01'),
(26, 13, 0, 19, 2, 170.00, 0.00, 306.00, 0, '2024-07-10 02:01:01', '2024-07-10 02:01:01'),
(27, 37, 0, 19, 10, 100.00, 0.00, 900.00, 0, '2024-07-10 02:01:01', '2024-07-10 02:01:01'),
(28, 30, 0, 20, 2, 400.00, 0.00, 720.00, 0, '2024-07-10 02:03:16', '2024-07-10 02:03:16'),
(29, 3, 0, 21, 2, 370.00, 0.00, 666.00, 0, '2024-07-10 02:05:47', '2024-07-10 02:05:47'),
(30, 5, 0, 21, 2, 360.00, 0.00, 648.00, 0, '2024-07-10 02:05:47', '2024-07-10 02:05:47'),
(31, 42, 0, 21, 2, 245.00, 0.00, 441.00, 0, '2024-07-10 02:05:47', '2024-07-10 02:05:47'),
(32, 3, 0, 22, 5, 370.00, 0.00, 1850.00, 0, '2024-07-10 03:37:28', '2024-07-10 03:37:28'),
(33, 5, 0, 22, 5, 360.00, 0.00, 1800.00, 0, '2024-07-10 03:37:28', '2024-07-10 03:37:28'),
(34, 4, 0, 22, 5, 320.00, 0.00, 1600.00, 0, '2024-07-10 03:37:28', '2024-07-10 03:37:28'),
(35, 41, 0, 22, 5, 240.00, 0.00, 1200.00, 0, '2024-07-10 03:37:28', '2024-07-10 03:37:28'),
(36, 35, 0, 22, 10, 55.00, 0.00, 550.00, 0, '2024-07-10 03:37:28', '2024-07-10 03:37:28'),
(37, 37, 0, 22, 15, 100.00, 0.00, 1500.00, 0, '2024-07-10 03:37:28', '2024-07-10 03:37:28'),
(38, 45, 0, 22, 3, 100.00, 0.00, 300.00, 0, '2024-07-10 03:37:28', '2024-07-10 03:37:28'),
(39, 29, 0, 22, 2, 160.00, 0.00, 320.00, 0, '2024-07-10 03:37:28', '2024-07-10 03:37:28'),
(40, 30, 0, 22, 2, 400.00, 0.00, 800.00, 0, '2024-07-10 03:37:28', '2024-07-10 03:37:28'),
(41, 13, 0, 22, 2, 170.00, 0.00, 340.00, 0, '2024-07-10 03:37:28', '2024-07-10 03:37:28'),
(42, 12, 0, 22, 2, 120.00, 0.00, 240.00, 0, '2024-07-10 03:37:28', '2024-07-10 03:37:28'),
(43, 33, 0, 22, 5, 60.00, 0.00, 300.00, 0, '2024-07-10 03:37:28', '2024-07-10 03:37:28'),
(44, 38, 0, 22, 2, 350.00, 0.00, 700.00, 0, '2024-07-10 03:37:28', '2024-07-10 03:37:28'),
(45, 10, 0, 22, 3, 220.00, 0.00, 660.00, 0, '2024-07-10 03:37:28', '2024-07-10 03:37:28'),
(46, 18, 0, 22, 2, 120.00, 0.00, 240.00, 0, '2024-07-10 03:37:28', '2024-07-10 03:37:28'),
(47, 50, 0, 23, 5, 60.00, 0.00, 300.00, 0, '2024-07-10 03:55:04', '2024-07-10 03:55:04'),
(48, 17, 0, 23, 5, 60.00, 0.00, 300.00, 0, '2024-07-10 03:55:04', '2024-07-10 03:55:04'),
(49, 7, 0, 24, 3, 230.00, 0.00, 621.00, 0, '2024-07-10 03:56:53', '2024-07-10 03:56:53'),
(50, 5, 0, 25, 28, 360.00, 0.00, 9072.00, 0, '2024-07-14 03:57:23', '2024-07-14 03:57:23'),
(51, 30, 0, 26, 3, 400.00, 0.00, 1080.00, 0, '2024-07-14 04:18:41', '2024-07-14 04:18:41'),
(52, 3, 0, 26, 2, 370.00, 0.00, 666.00, 0, '2024-07-14 04:18:41', '2024-07-14 04:18:41'),
(53, 5, 0, 26, 2, 360.00, 0.00, 648.00, 0, '2024-07-14 04:18:41', '2024-07-14 04:18:41'),
(54, 4, 0, 26, 2, 320.00, 0.00, 576.00, 0, '2024-07-14 04:18:41', '2024-07-14 04:18:41'),
(55, 3, 0, 27, 15, 370.00, 0.00, 5550.00, 0, '2024-07-14 04:39:54', '2024-07-14 04:39:54'),
(56, 5, 0, 27, 15, 360.00, 0.00, 5400.00, 0, '2024-07-14 04:39:54', '2024-07-14 04:39:54'),
(57, 57, 0, 27, 20, 55.00, 0.00, 1100.00, 0, '2024-07-14 04:39:54', '2024-07-14 04:39:54'),
(58, 11, 0, 27, 5, 140.00, 0.00, 700.00, 0, '2024-07-14 04:39:54', '2024-07-14 04:39:54'),
(59, 13, 0, 27, 1, 170.00, 0.00, 170.00, 0, '2024-07-14 04:39:54', '2024-07-14 04:39:54'),
(60, 10, 0, 27, 1, 220.00, 0.00, 220.00, 0, '2024-07-14 04:39:54', '2024-07-14 04:39:54'),
(61, 33, 0, 27, 1, 60.00, 0.00, 60.00, 0, '2024-07-14 04:39:54', '2024-07-14 04:39:54'),
(62, 17, 0, 27, 1, 60.00, 0.00, 60.00, 0, '2024-07-14 04:39:54', '2024-07-14 04:39:54'),
(63, 50, 0, 27, 1, 60.00, 0.00, 60.00, 0, '2024-07-14 04:39:54', '2024-07-14 04:39:54'),
(64, 56, 0, 27, 1, 50.00, 0.00, 50.00, 0, '2024-07-14 04:39:54', '2024-07-14 04:39:54'),
(65, 22, 0, 27, 1, 50.00, 0.00, 50.00, 0, '2024-07-14 04:39:54', '2024-07-14 04:39:54'),
(66, 24, 0, 27, 1, 50.00, 0.00, 50.00, 0, '2024-07-14 04:39:54', '2024-07-14 04:39:54'),
(67, 24, 0, 27, 1, 50.00, 0.00, 50.00, 0, '2024-07-14 04:39:54', '2024-07-14 04:39:54'),
(68, 20, 0, 27, 1, 80.00, 0.00, 80.00, 0, '2024-07-14 04:39:54', '2024-07-14 04:39:54'),
(69, 18, 0, 27, 1, 120.00, 0.00, 120.00, 0, '2024-07-14 04:39:54', '2024-07-14 04:39:54'),
(70, 26, 0, 27, 1, 230.00, 0.00, 230.00, 0, '2024-07-14 04:39:54', '2024-07-14 04:39:54'),
(71, 33, 0, 28, 20, 60.00, 0.00, 1200.00, 0, '2024-07-14 04:52:40', '2024-07-14 04:52:40'),
(72, 17, 0, 28, 10, 60.00, 0.00, 600.00, 0, '2024-07-14 04:52:40', '2024-07-14 04:52:40'),
(73, 50, 0, 28, 10, 60.00, 0.00, 600.00, 0, '2024-07-14 04:52:40', '2024-07-14 04:52:40'),
(74, 20, 0, 28, 5, 80.00, 0.00, 400.00, 0, '2024-07-14 04:52:40', '2024-07-14 04:52:40'),
(75, 18, 0, 28, 5, 120.00, 0.00, 600.00, 0, '2024-07-14 04:52:40', '2024-07-14 04:52:40'),
(76, 26, 0, 28, 5, 230.00, 0.00, 1150.00, 0, '2024-07-14 04:52:40', '2024-07-14 04:52:40'),
(77, 24, 0, 28, 10, 50.00, 0.00, 500.00, 0, '2024-07-14 04:52:40', '2024-07-14 04:52:40'),
(78, 56, 0, 28, 10, 50.00, 0.00, 500.00, 0, '2024-07-14 04:52:40', '2024-07-14 04:52:40'),
(79, 23, 0, 28, 10, 50.00, 0.00, 500.00, 0, '2024-07-14 04:52:40', '2024-07-14 04:52:40'),
(80, 22, 0, 28, 10, 50.00, 0.00, 500.00, 0, '2024-07-14 04:52:40', '2024-07-14 04:52:40'),
(81, 37, 0, 29, 20, 100.00, 0.00, 2000.00, 0, '2024-07-14 05:19:50', '2024-07-14 05:19:50'),
(82, 58, 0, 29, 20, 8.00, 0.00, 160.00, 0, '2024-07-14 05:19:50', '2024-07-14 05:19:50'),
(83, 59, 0, 29, 10, 60.00, 0.00, 600.00, 0, '2024-07-14 05:19:50', '2024-07-14 05:19:50'),
(84, 18, 0, 29, 5, 120.00, 0.00, 600.00, 0, '2024-07-14 05:19:50', '2024-07-14 05:19:50'),
(85, 43, 0, 29, 70, 130.00, 0.00, 9100.00, 0, '2024-07-14 05:19:50', '2024-07-14 05:19:50'),
(86, 7, 0, 30, 5, 230.00, 0.00, 1035.00, 0, '2024-07-14 05:27:33', '2024-07-14 05:27:33'),
(87, 30, 0, 30, 2, 400.00, 0.00, 720.00, 0, '2024-07-14 05:27:33', '2024-07-14 05:27:33'),
(88, 43, 0, 31, 10, 130.00, 0.00, 1300.00, 0, '2024-07-15 00:12:53', '2024-07-15 00:12:53'),
(89, 6, 0, 31, 2, 180.00, 0.00, 360.00, 0, '2024-07-15 00:12:53', '2024-07-15 00:12:53'),
(90, 26, 0, 31, 5, 230.00, 0.00, 1150.00, 0, '2024-07-15 00:12:53', '2024-07-15 00:12:53'),
(91, 7, 0, 31, 2, 230.00, 0.00, 460.00, 0, '2024-07-15 00:12:53', '2024-07-15 00:12:53'),
(92, 47, 0, 31, 2, 230.00, 0.00, 460.00, 0, '2024-07-15 00:12:53', '2024-07-15 00:12:53'),
(93, 48, 0, 31, 2, 240.00, 0.00, 480.00, 0, '2024-07-15 00:12:53', '2024-07-15 00:12:53'),
(94, 53, 0, 31, 2, 170.00, 0.00, 340.00, 0, '2024-07-15 00:12:53', '2024-07-15 00:12:53'),
(95, 61, 0, 31, 2, 80.00, 0.00, 160.00, 0, '2024-07-15 00:12:53', '2024-07-15 00:12:53'),
(96, 60, 0, 31, 2, 180.00, 0.00, 360.00, 0, '2024-07-15 00:12:53', '2024-07-15 00:12:53'),
(97, 51, 0, 31, 5, 50.00, 0.00, 250.00, 0, '2024-07-15 00:12:53', '2024-07-15 00:12:53'),
(98, 13, 0, 31, 5, 170.00, 0.00, 850.00, 0, '2024-07-15 00:12:53', '2024-07-15 00:12:53'),
(99, 12, 0, 31, 3, 120.00, 0.00, 360.00, 0, '2024-07-15 00:12:53', '2024-07-15 00:12:53'),
(100, 37, 0, 31, 10, 100.00, 0.00, 1000.00, 0, '2024-07-15 00:12:53', '2024-07-15 00:12:53'),
(101, 59, 0, 31, 10, 60.00, 0.00, 600.00, 0, '2024-07-15 00:12:53', '2024-07-15 00:12:53'),
(102, 3, 0, 31, 5, 370.00, 0.00, 1850.00, 0, '2024-07-15 00:12:53', '2024-07-15 00:12:53'),
(103, 4, 0, 31, 5, 320.00, 0.00, 1600.00, 0, '2024-07-15 00:12:53', '2024-07-15 00:12:53'),
(104, 41, 0, 31, 5, 240.00, 0.00, 1200.00, 0, '2024-07-15 00:12:53', '2024-07-15 00:12:53'),
(105, 38, 0, 31, 1, 350.00, 0.00, 350.00, 0, '2024-07-15 00:12:53', '2024-07-15 00:12:53'),
(106, 14, 0, 31, 5, 60.00, 0.00, 300.00, 0, '2024-07-15 00:12:53', '2024-07-15 00:12:53'),
(107, 27, 0, 31, 3, 60.00, 0.00, 180.00, 0, '2024-07-15 00:12:53', '2024-07-15 00:12:53'),
(108, 9, 0, 32, 5, 200.00, 0.00, 1000.00, 0, '2024-07-15 00:27:20', '2024-07-15 00:27:20'),
(109, 45, 0, 32, 2, 100.00, 0.00, 200.00, 0, '2024-07-15 00:27:20', '2024-07-15 00:27:20'),
(110, 3, 0, 32, 3, 370.00, 0.00, 1110.00, 0, '2024-07-15 00:27:20', '2024-07-15 00:27:20'),
(111, 15, 0, 32, 2, 120.00, 0.00, 240.00, 0, '2024-07-15 00:27:20', '2024-07-15 00:27:20'),
(112, 53, 0, 32, 2, 170.00, 0.00, 340.00, 0, '2024-07-15 00:27:20', '2024-07-15 00:27:20'),
(113, 20, 0, 32, 5, 80.00, 0.00, 400.00, 0, '2024-07-15 00:27:20', '2024-07-15 00:27:20'),
(114, 23, 0, 32, 3, 50.00, 0.00, 150.00, 0, '2024-07-15 00:27:20', '2024-07-15 00:27:20'),
(115, 22, 0, 32, 3, 50.00, 0.00, 150.00, 0, '2024-07-15 00:27:20', '2024-07-15 00:27:20'),
(116, 24, 0, 32, 3, 50.00, 0.00, 150.00, 0, '2024-07-15 00:27:20', '2024-07-15 00:27:20'),
(117, 56, 0, 32, 3, 50.00, 0.00, 150.00, 0, '2024-07-15 00:27:20', '2024-07-15 00:27:20'),
(118, 17, 0, 32, 3, 60.00, 0.00, 180.00, 0, '2024-07-15 00:27:20', '2024-07-15 00:27:20'),
(119, 11, 0, 32, 2, 140.00, 0.00, 280.00, 0, '2024-07-15 00:27:20', '2024-07-15 00:27:20'),
(120, 26, 0, 32, 2, 230.00, 0.00, 460.00, 0, '2024-07-15 00:27:20', '2024-07-15 00:27:20'),
(121, 23, 0, 33, 2, 50.00, 0.00, 100.00, 0, '2024-07-15 01:39:13', '2024-07-15 01:39:13'),
(122, 50, 0, 33, 3, 60.00, 0.00, 180.00, 0, '2024-07-15 01:39:13', '2024-07-15 01:39:13'),
(123, 17, 0, 33, 3, 60.00, 0.00, 180.00, 0, '2024-07-15 01:39:13', '2024-07-15 01:39:13'),
(124, 22, 0, 33, 3, 50.00, 0.00, 150.00, 0, '2024-07-15 01:39:13', '2024-07-15 01:39:13'),
(125, 56, 0, 33, 3, 50.00, 0.00, 150.00, 0, '2024-07-15 01:39:13', '2024-07-15 01:39:13'),
(126, 54, 0, 33, 3, 120.00, 0.00, 360.00, 0, '2024-07-15 01:39:13', '2024-07-15 01:39:13'),
(127, 60, 0, 33, 3, 180.00, 0.00, 540.00, 0, '2024-07-15 01:39:13', '2024-07-15 01:39:13'),
(128, 26, 0, 33, 3, 230.00, 0.00, 690.00, 0, '2024-07-15 01:39:13', '2024-07-15 01:39:13'),
(129, 55, 0, 33, 2, 120.00, 0.00, 240.00, 0, '2024-07-15 01:39:13', '2024-07-15 01:39:13'),
(130, 33, 0, 33, 3, 60.00, 0.00, 180.00, 0, '2024-07-15 01:39:13', '2024-07-15 01:39:13'),
(131, 20, 0, 33, 3, 80.00, 0.00, 240.00, 0, '2024-07-15 01:39:13', '2024-07-15 01:39:13'),
(132, 7, 0, 33, 3, 230.00, 0.00, 690.00, 0, '2024-07-15 01:39:13', '2024-07-15 01:39:13'),
(133, 45, 0, 33, 3, 100.00, 0.00, 300.00, 0, '2024-07-15 01:39:13', '2024-07-15 01:39:13'),
(134, 9, 0, 33, 2, 200.00, 0.00, 400.00, 0, '2024-07-15 01:39:13', '2024-07-15 01:39:13'),
(135, 29, 0, 33, 2, 160.00, 0.00, 320.00, 0, '2024-07-15 01:39:13', '2024-07-15 01:39:13'),
(136, 20, 0, 34, 10, 80.00, 0.00, 800.00, 0, '2024-07-15 01:52:11', '2024-07-15 01:52:11'),
(137, 12, 0, 34, 5, 120.00, 0.00, 600.00, 0, '2024-07-15 01:52:11', '2024-07-15 01:52:11'),
(138, 51, 0, 34, 5, 50.00, 0.00, 250.00, 0, '2024-07-15 01:52:11', '2024-07-15 01:52:11'),
(139, 47, 0, 34, 5, 230.00, 0.00, 850.00, 0, '2024-07-15 01:52:11', '2024-07-15 01:52:11'),
(140, 7, 0, 35, 5, 230.00, 0.00, 1150.00, 0, '2024-07-15 01:56:32', '2024-07-15 01:56:32'),
(141, 9, 0, 35, 5, 200.00, 0.00, 1000.00, 0, '2024-07-15 01:56:32', '2024-07-15 01:56:32'),
(142, 7, 0, 36, 10, 230.00, 0.00, 2300.00, 0, '2024-07-15 04:09:11', '2024-07-15 04:09:11'),
(143, 6, 0, 36, 10, 180.00, 0.00, 1800.00, 0, '2024-07-15 04:09:11', '2024-07-15 04:09:11'),
(144, 3, 0, 37, 5, 370.00, 0.00, 1850.00, 0, '2024-07-15 05:21:30', '2024-07-15 05:21:30'),
(145, 7, 0, 37, 5, 230.00, 0.00, 1150.00, 0, '2024-07-15 05:21:30', '2024-07-15 05:21:30'),
(146, 15, 0, 37, 3, 120.00, 0.00, 360.00, 0, '2024-07-15 05:21:30', '2024-07-15 05:21:30'),
(147, 37, 0, 37, 5, 100.00, 0.00, 500.00, 0, '2024-07-15 05:21:30', '2024-07-15 05:21:30'),
(148, 52, 0, 37, 2, 230.00, 0.00, 460.00, 0, '2024-07-15 05:21:30', '2024-07-15 05:21:30'),
(149, 45, 0, 37, 5, 100.00, 0.00, 500.00, 0, '2024-07-15 05:21:30', '2024-07-15 05:21:30'),
(150, 7, 0, 38, 5, 230.00, 0.00, 1150.00, 0, '2024-07-15 05:31:25', '2024-07-15 05:31:25'),
(151, 11, 0, 38, 5, 140.00, 0.00, 700.00, 0, '2024-07-15 05:31:25', '2024-07-15 05:31:25'),
(152, 5, 0, 38, 10, 360.00, 0.00, 3600.00, 0, '2024-07-15 05:31:25', '2024-07-15 05:31:25'),
(153, 30, 0, 38, 5, 400.00, 0.00, 2000.00, 0, '2024-07-15 05:31:25', '2024-07-15 05:31:25'),
(154, 26, 0, 38, 5, 230.00, 0.00, 1150.00, 0, '2024-07-15 05:31:25', '2024-07-15 05:31:25'),
(155, 6, 0, 38, 3, 180.00, 0.00, 540.00, 0, '2024-07-15 05:31:25', '2024-07-15 05:31:25'),
(156, 50, 0, 38, 5, 60.00, 0.00, 300.00, 0, '2024-07-15 05:31:25', '2024-07-15 05:31:25'),
(157, 51, 0, 38, 10, 50.00, 0.00, 500.00, 0, '2024-07-15 05:31:25', '2024-07-15 05:31:25'),
(158, 10, 0, 38, 3, 220.00, 0.00, 660.00, 0, '2024-07-15 05:31:25', '2024-07-15 05:31:25'),
(159, 13, 0, 38, 5, 170.00, 0.00, 850.00, 0, '2024-07-15 05:31:25', '2024-07-15 05:31:25'),
(160, 47, 0, 38, 3, 230.00, 0.00, 690.00, 0, '2024-07-15 05:31:25', '2024-07-15 05:31:25'),
(161, 15, 0, 38, 5, 120.00, 0.00, 600.00, 0, '2024-07-15 05:31:25', '2024-07-15 05:31:25'),
(162, 30, 0, 39, 3, 400.00, 0.00, 1200.00, 0, '2024-07-15 05:37:09', '2024-07-15 05:37:09'),
(163, 5, 0, 39, 5, 360.00, 0.00, 1800.00, 0, '2024-07-15 05:37:09', '2024-07-15 05:37:09'),
(164, 47, 0, 40, 2, 230.00, 0.00, 414.00, 0, '2024-07-15 06:53:45', '2024-07-15 06:53:45'),
(165, 13, 0, 40, 2, 170.00, 0.00, 306.00, 0, '2024-07-15 06:53:45', '2024-07-15 06:53:45'),
(166, 62, 0, 41, 5, 50.00, 0.00, 250.00, 0, '2024-07-16 03:36:12', '2024-07-16 03:36:12'),
(167, 62, 0, 42, 5, 50.00, 0.00, 250.00, 0, '2024-07-16 03:36:12', '2024-07-16 03:36:12'),
(168, 62, 0, 43, 5, 50.00, 0.00, 250.00, 0, '2024-07-16 03:36:13', '2024-07-16 03:36:13'),
(169, 63, 0, 44, 10, 90.00, 0.00, 900.00, 0, '2024-07-16 04:43:52', '2024-07-16 04:43:52'),
(170, 22, 0, 44, 5, 50.00, 0.00, 250.00, 0, '2024-07-16 04:43:52', '2024-07-16 04:43:52'),
(171, 17, 0, 44, 5, 60.00, 0.00, 300.00, 0, '2024-07-16 04:43:52', '2024-07-16 04:43:52'),
(172, 33, 0, 44, 10, 60.00, 0.00, 600.00, 0, '2024-07-16 04:43:52', '2024-07-16 04:43:52'),
(173, 12, 0, 44, 10, 120.00, 0.00, 1200.00, 0, '2024-07-16 04:43:52', '2024-07-16 04:43:52'),
(174, 36, 0, 44, 10, 180.00, 0.00, 1800.00, 0, '2024-07-16 04:43:52', '2024-07-16 04:43:52'),
(175, 10, 0, 44, 5, 220.00, 0.00, 1100.00, 0, '2024-07-16 04:43:52', '2024-07-16 04:43:52'),
(176, 13, 0, 44, 25, 170.00, 0.00, 4250.00, 0, '2024-07-16 04:43:52', '2024-07-16 04:43:52'),
(177, 11, 0, 44, 10, 140.00, 0.00, 1400.00, 0, '2024-07-16 04:43:52', '2024-07-16 04:43:52'),
(178, 31, 0, 44, 5, 180.00, 0.00, 900.00, 0, '2024-07-16 04:43:52', '2024-07-16 04:43:52'),
(179, 48, 0, 44, 5, 240.00, 0.00, 1200.00, 0, '2024-07-16 04:43:52', '2024-07-16 04:43:52'),
(180, 7, 0, 44, 5, 230.00, 0.00, 1150.00, 0, '2024-07-16 04:43:52', '2024-07-16 04:43:52'),
(181, 45, 0, 44, 5, 100.00, 0.00, 500.00, 0, '2024-07-16 04:43:52', '2024-07-16 04:43:52'),
(182, 58, 0, 44, 100, 8.00, 0.00, 800.00, 0, '2024-07-16 04:43:52', '2024-07-16 04:43:52'),
(183, 38, 0, 44, 2, 350.00, 0.00, 700.00, 0, '2024-07-16 04:43:52', '2024-07-16 04:43:52'),
(184, 3, 0, 44, 5, 370.00, 0.00, 1850.00, 0, '2024-07-16 04:43:52', '2024-07-16 04:43:52'),
(185, 5, 0, 44, 5, 360.00, 0.00, 1800.00, 0, '2024-07-16 04:43:52', '2024-07-16 04:43:52'),
(186, 49, 0, 44, 10, 180.00, 0.00, 1800.00, 0, '2024-07-16 04:43:52', '2024-07-16 04:43:52'),
(187, 18, 0, 44, 5, 120.00, 0.00, 600.00, 0, '2024-07-16 04:43:52', '2024-07-16 04:43:52'),
(188, 30, 0, 45, 5, 400.00, 0.00, 2000.00, 0, '2024-07-16 04:48:57', '2024-07-16 04:48:57'),
(189, 50, 0, 45, 15, 60.00, 0.00, 900.00, 0, '2024-07-16 04:48:57', '2024-07-16 04:48:57'),
(190, 30, 0, 46, 2, 400.00, 0.00, 720.00, 0, '2024-07-29 00:09:43', '2024-07-29 00:09:43'),
(191, 3, 0, 47, 15, 370.00, 0.00, 4995.00, 0, '2024-07-29 00:11:54', '2024-07-29 00:11:54'),
(192, 49, 0, 47, 20, 180.00, 0.00, 3240.00, 0, '2024-07-29 00:11:54', '2024-07-29 00:11:54'),
(193, 3, 0, 48, 100, 370.00, 0.00, 33300.00, 0, '2024-07-29 00:14:31', '2024-07-29 00:14:31'),
(194, 5, 0, 48, 35, 360.00, 0.00, 11340.00, 0, '2024-07-29 00:14:31', '2024-07-29 00:14:31'),
(195, 49, 0, 48, 35, 180.00, 0.00, 5670.00, 0, '2024-07-29 00:14:31', '2024-07-29 00:14:31'),
(196, 47, 0, 49, 3, 230.00, 0.00, 607.20, 0, '2024-07-29 01:38:44', '2024-07-29 01:38:44'),
(197, 7, 0, 50, 2, 230.00, 0.00, 414.00, 0, '2024-07-30 00:15:26', '2024-07-30 00:15:26'),
(198, 10, 0, 50, 1, 220.00, 0.00, 198.00, 0, '2024-07-30 00:15:26', '2024-07-30 00:15:26'),
(199, 57, 0, 50, 1, 55.00, 0.00, 49.50, 0, '2024-07-30 00:15:26', '2024-07-30 00:15:26'),
(200, 47, 0, 50, 3, 230.00, 0.00, 621.00, 0, '2024-07-30 00:15:26', '2024-07-30 00:15:26'),
(201, 36, 0, 50, 2, 180.00, 0.00, 324.00, 0, '2024-07-30 00:15:26', '2024-07-30 00:15:26'),
(202, 50, 0, 50, 2, 60.00, 0.00, 108.00, 0, '2024-07-30 00:15:26', '2024-07-30 00:15:26'),
(203, 17, 0, 50, 2, 60.00, 0.00, 108.00, 0, '2024-07-30 00:15:26', '2024-07-30 00:15:26'),
(204, 56, 0, 50, 2, 50.00, 0.00, 90.00, 0, '2024-07-30 00:15:26', '2024-07-30 00:15:26'),
(205, 24, 0, 50, 2, 50.00, 0.00, 90.00, 0, '2024-07-30 00:15:26', '2024-07-30 00:15:26'),
(206, 6, 0, 50, 2, 180.00, 0.00, 324.00, 0, '2024-07-30 00:15:26', '2024-07-30 00:15:26'),
(207, 3, 0, 51, 5, 370.00, 0.00, 1665.00, 0, '2024-07-30 04:52:32', '2024-07-30 04:52:32'),
(208, 23, 0, 51, 5, 50.00, 0.00, 225.00, 0, '2024-07-30 04:52:32', '2024-07-30 04:52:32'),
(209, 56, 0, 51, 10, 50.00, 0.00, 450.00, 0, '2024-07-30 04:52:32', '2024-07-30 04:52:32'),
(210, 22, 0, 51, 5, 50.00, 0.00, 225.00, 0, '2024-07-30 04:52:32', '2024-07-30 04:52:32'),
(211, 17, 0, 51, 5, 60.00, 0.00, 270.00, 0, '2024-07-30 04:52:32', '2024-07-30 04:52:32'),
(212, 24, 0, 51, 5, 50.00, 0.00, 225.00, 0, '2024-07-30 04:52:32', '2024-07-30 04:52:32'),
(213, 50, 0, 51, 5, 60.00, 0.00, 270.00, 0, '2024-07-30 04:52:32', '2024-07-30 04:52:32'),
(214, 60, 0, 51, 2, 180.00, 0.00, 324.00, 0, '2024-07-30 04:52:32', '2024-07-30 04:52:32'),
(215, 26, 0, 51, 3, 230.00, 0.00, 621.00, 0, '2024-07-30 04:52:32', '2024-07-30 04:52:32'),
(216, 10, 0, 51, 3, 220.00, 0.00, 594.00, 0, '2024-07-30 04:52:32', '2024-07-30 04:52:32'),
(217, 7, 0, 51, 5, 230.00, 0.00, 1035.00, 0, '2024-07-30 04:52:32', '2024-07-30 04:52:32'),
(218, 58, 0, 52, 14, 8.00, 0.00, 112.00, 0, '2024-07-30 22:54:43', '2024-07-30 22:54:43'),
(219, 18, 0, 52, 1, 120.00, 0.00, 120.00, 0, '2024-07-30 22:54:44', '2024-07-30 22:54:44'),
(221, 26, 10, 55, 5, 230.00, 10.00, 1035.00, 0, '2024-08-15 02:17:47', '2024-08-15 02:17:47'),
(222, 3, 2, 56, 1, 370.00, 0.00, 370.00, 0, '2024-08-17 02:06:12', '2024-08-17 02:06:12'),
(223, 7, 66, 57, 1, 230.00, 10.00, 207.00, 0, '2024-08-21 07:16:00', '2024-08-21 07:16:00'),
(224, 7, 39, 58, 3, 230.00, 0.00, 690.00, 0, '2024-08-31 02:52:12', '2024-08-31 02:52:12'),
(225, 30, 27, 59, 4, 400.00, 0.00, 1600.00, 0, '2024-08-31 03:03:24', '2024-08-31 03:03:24'),
(226, 7, 39, 59, 20, 230.00, 0.00, 4600.00, 0, '2024-08-31 03:03:24', '2024-08-31 03:03:24'),
(227, 7, 66, 59, 16, 230.00, 0.00, 3680.00, 0, '2024-08-31 03:03:24', '2024-08-31 03:03:24'),
(228, 47, 48, 59, 2, 230.00, 0.00, 460.00, 0, '2024-08-31 03:03:24', '2024-08-31 03:03:24'),
(229, 11, 14, 59, 2, 140.00, 0.00, 280.00, 0, '2024-08-31 03:03:24', '2024-08-31 03:03:24'),
(230, 3, 2, 59, 6, 370.00, 0.00, 2220.00, 0, '2024-08-31 03:03:24', '2024-08-31 03:03:24'),
(231, 52, 53, 59, 2, 230.00, 0.00, 460.00, 0, '2024-08-31 03:03:24', '2024-08-31 03:03:24'),
(232, 53, 54, 59, 2, 170.00, 0.00, 340.00, 0, '2024-08-31 03:03:24', '2024-08-31 03:03:24'),
(233, 6, 5, 59, 6, 180.00, 0.00, 1080.00, 0, '2024-08-31 03:03:24', '2024-08-31 03:03:24'),
(234, 29, 26, 59, 5, 160.00, 0.00, 800.00, 0, '2024-08-31 03:03:24', '2024-08-31 03:03:24'),
(235, 26, 10, 59, 4, 230.00, 0.00, 920.00, 0, '2024-08-31 03:03:24', '2024-08-31 03:03:24'),
(236, 45, 46, 59, 5, 100.00, 0.00, 500.00, 0, '2024-08-31 03:03:24', '2024-08-31 03:03:24'),
(237, 5, 4, 59, 2, 360.00, 0.00, 720.00, 0, '2024-08-31 03:03:24', '2024-08-31 03:03:24'),
(238, 37, 34, 59, 5, 100.00, 0.00, 500.00, 0, '2024-08-31 03:03:24', '2024-08-31 03:03:24'),
(239, 4, 3, 59, 2, 320.00, 0.00, 640.00, 0, '2024-08-31 03:03:24', '2024-08-31 03:03:24'),
(240, 10, 12, 59, 4, 220.00, 0.00, 880.00, 0, '2024-08-31 03:03:24', '2024-08-31 03:03:24'),
(241, 8, 7, 59, 2, 180.00, 0.00, 360.00, 0, '2024-08-31 03:03:24', '2024-08-31 03:03:24'),
(242, 26, 10, 60, 5, 230.00, 0.00, 1150.00, 0, '2024-08-31 03:13:07', '2024-08-31 03:13:07'),
(243, 59, 61, 60, 5, 60.00, 0.00, 300.00, 0, '2024-08-31 03:13:07', '2024-08-31 03:13:07'),
(244, 37, 34, 60, 5, 100.00, 0.00, 500.00, 0, '2024-08-31 03:13:07', '2024-08-31 03:13:07'),
(245, 49, 50, 60, 5, 180.00, 0.00, 900.00, 0, '2024-08-31 03:13:07', '2024-08-31 03:13:07'),
(246, 7, 66, 60, 10, 230.00, 0.00, 2300.00, 0, '2024-08-31 03:13:07', '2024-08-31 03:13:07'),
(247, 3, 2, 60, 6, 370.00, 0.00, 2220.00, 0, '2024-08-31 03:13:07', '2024-08-31 03:13:07'),
(248, 4, 3, 60, 3, 320.00, 0.00, 960.00, 0, '2024-08-31 03:13:07', '2024-08-31 03:13:07'),
(249, 64, 70, 60, 8, 245.00, 0.00, 1960.00, 0, '2024-08-31 03:13:07', '2024-08-31 03:13:07'),
(250, 30, 27, 60, 2, 400.00, 0.00, 800.00, 0, '2024-08-31 03:13:07', '2024-08-31 03:13:07');

-- --------------------------------------------------------

--
-- Table structure for table `sessions`
--

CREATE TABLE `sessions` (
  `id` varchar(255) NOT NULL,
  `user_id` bigint(20) UNSIGNED DEFAULT NULL,
  `ip_address` varchar(45) DEFAULT NULL,
  `user_agent` text DEFAULT NULL,
  `payload` longtext NOT NULL,
  `last_activity` int(11) NOT NULL
) ENGINE=InnoDB DEFAULT CHARSET=utf8mb4 COLLATE=utf8mb4_unicode_ci;

--
-- Dumping data for table `sessions`
--

INSERT INTO `sessions` (`id`, `user_id`, `ip_address`, `user_agent`, `payload`, `last_activity`) VALUES
('brhsQOkDQsiwf4mUceBxP7KRh6VYozV9j5G66NDZ', 2, '::1', 'Mozilla/5.0 (Windows NT 10.0; Win64; x64) AppleWebKit/537.36 (KHTML, like Gecko) Chrome/128.0.0.0 Safari/537.36', 'YTo0OntzOjY6Il90b2tlbiI7czo0MDoiRkJicThqWFVHeGlPQTJoWHZFMGdvSnAwakNLOWZlejNrckFRN21NdSI7czo5OiJfcHJldmlvdXMiO2E6MTp7czozOiJ1cmwiO3M6MzU6Imh0dHA6Ly9sb2NhbGhvc3Qvc2lkZGlraWEvZGFzaGJvYXJkIjt9czo2OiJfZmxhc2giO2E6Mjp7czozOiJvbGQiO2E6MDp7fXM6MzoibmV3IjthOjA6e319czo1MDoibG9naW5fd2ViXzU5YmEzNmFkZGMyYjJmOTQwMTU4MGYwMTRjN2Y1OGVhNGUzMDk4OWQiO2k6Mjt9', 1724923323),
('gWiN382VFimW6vBoLHuCA3wUKEjJXdFa9NFCDa6I', 2, '::1', 'Mozilla/5.0 (Windows NT 10.0; Win64; x64) AppleWebKit/537.36 (KHTML, like Gecko) Chrome/128.0.0.0 Safari/537.36', 'YTo0OntzOjY6Il90b2tlbiI7czo0MDoiSlQ2Rng3cGlIeXNhRTJPMUM1aDZFTURPNjFzWk42T0FVNEpqYndpZSI7czo5OiJfcHJldmlvdXMiO2E6MTp7czozOiJ1cmwiO3M6NDY6Imh0dHA6Ly9sb2NhbGhvc3Qvc2lkZGlraWEvdHJhbnNhY3Rpb25zL2ludm8vNjAiO31zOjY6Il9mbGFzaCI7YToyOntzOjM6Im9sZCI7YTowOnt9czozOiJuZXciO2E6MDp7fX1zOjUwOiJsb2dpbl93ZWJfNTliYTM2YWRkYzJiMmY5NDAxNTgwZjAxNGM3ZjU4ZWE0ZTMwOTg5ZCI7aToyO30=', 1725096685);

-- --------------------------------------------------------

--
-- Table structure for table `stocks`
--

CREATE TABLE `stocks` (
  `id` bigint(20) UNSIGNED NOT NULL,
  `book_id` tinyint(4) NOT NULL,
  `stock_detail_id` tinyint(4) NOT NULL,
  `total_quantity` varchar(255) NOT NULL,
  `total_price` decimal(8,2) NOT NULL,
  `status` tinyint(1) NOT NULL DEFAULT 0,
  `created_at` timestamp NULL DEFAULT current_timestamp(),
  `updated_at` timestamp NULL DEFAULT current_timestamp()
) ENGINE=InnoDB DEFAULT CHARSET=utf8mb4 COLLATE=utf8mb4_unicode_ci;

--
-- Dumping data for table `stocks`
--

INSERT INTO `stocks` (`id`, `book_id`, `stock_detail_id`, `total_quantity`, `total_price`, `status`, `created_at`, `updated_at`) VALUES
(1, 2, 1, '0', 500.00, 0, '2024-06-10 01:02:38', '2024-06-10 01:02:57'),
(2, 3, 2, '81', 29970.00, 0, '2024-06-10 01:11:12', '2024-08-31 03:13:07'),
(3, 4, 3, '1173', 375360.00, 0, '2024-06-10 01:30:31', '2024-08-31 03:13:07'),
(4, 6, 5, '105', 18900.00, 0, '2024-06-29 01:52:26', '2024-08-31 03:03:24'),
(5, 7, 6, '172', 39560.00, 0, '2024-06-29 02:24:17', '2024-08-31 03:13:07'),
(6, 8, 7, '106', 19080.00, 0, '2024-06-29 02:56:46', '2024-08-31 03:03:24'),
(7, 9, 8, '199', 39800.00, 0, '2024-06-29 04:37:59', '2024-07-15 01:56:32'),
(8, 25, 9, '495', 24750.00, 0, '2024-07-03 04:45:04', '2024-07-03 04:50:31'),
(9, 26, 10, '694', 159620.00, 0, '2024-07-03 05:29:24', '2024-08-31 03:13:07'),
(10, 18, 11, '317', 38040.00, 0, '2024-07-03 05:37:13', '2024-07-30 22:54:43'),
(11, 10, 12, '351', 77220.00, 0, '2024-07-04 01:58:39', '2024-08-31 03:03:24'),
(12, 14, 13, '69', 4140.00, 0, '2024-07-07 00:30:48', '2024-07-15 00:12:53'),
(13, 13, 15, '291', 49470.00, 0, '2024-07-07 00:52:14', '2024-07-16 04:43:52'),
(14, 12, 16, '60', 7200.00, 0, '2024-07-07 00:53:27', '2024-07-16 04:43:52'),
(15, 15, 17, '474', 56880.00, 0, '2024-07-07 00:54:20', '2024-07-15 05:31:25'),
(16, 16, 18, '5', 250.00, 0, '2024-07-07 00:56:05', '2024-07-07 00:56:05'),
(17, 17, 19, '246', 14760.00, 0, '2024-07-07 00:56:59', '2024-07-30 04:52:32'),
(18, 19, 20, '13', 1950.00, 0, '2024-07-07 00:58:42', '2024-07-07 00:58:42'),
(19, 20, 21, '206', 16480.00, 0, '2024-07-07 01:01:50', '2024-07-15 01:52:11'),
(20, 22, 22, '473', 23650.00, 0, '2024-07-07 01:03:14', '2024-07-30 04:52:32'),
(21, 23, 23, '360', 18000.00, 0, '2024-07-07 01:04:09', '2024-07-30 04:52:32'),
(22, 24, 24, '528', 26400.00, 0, '2024-07-07 01:05:00', '2024-07-30 04:52:32'),
(23, 28, 25, '5', 300.00, 0, '2024-07-07 01:27:41', '2024-07-07 01:27:41'),
(24, 29, 26, '27', 4320.00, 0, '2024-07-07 03:14:51', '2024-08-31 03:03:24'),
(25, 30, 27, '52', 20800.00, 0, '2024-07-07 03:42:18', '2024-08-31 03:13:07'),
(26, 32, 28, '2', 300.00, 0, '2024-07-07 04:56:01', '2024-07-07 06:08:06'),
(27, 33, 29, '111', 6660.00, 0, '2024-07-07 05:21:10', '2024-07-16 04:43:52'),
(28, 31, 31, '172', 30960.00, 0, '2024-07-07 23:49:25', '2024-07-16 04:43:52'),
(29, 35, 32, '1805', 99275.00, 0, '2024-07-08 00:11:25', '2024-07-10 03:37:28'),
(30, 36, 33, '1', 180.00, 0, '2024-07-08 00:20:36', '2024-07-30 00:15:26'),
(31, 37, 34, '629', 62900.00, 0, '2024-07-08 00:35:19', '2024-08-31 03:13:07'),
(32, 11, 35, '346', 48440.00, 0, '2024-07-08 00:36:58', '2024-08-31 03:03:24'),
(33, 38, 40, '129', 45150.00, 0, '2024-07-10 00:39:01', '2024-07-16 04:43:52'),
(34, 39, 41, '15', 3675.00, 0, '2024-07-10 00:43:46', '2024-07-10 00:43:46'),
(35, 41, 42, '22', 5280.00, 0, '2024-07-10 00:52:27', '2024-07-15 00:12:53'),
(36, 42, 43, '16', 3920.00, 0, '2024-07-10 00:56:46', '2024-07-10 02:05:47'),
(37, 5, 44, '64', 23040.00, 0, '2024-07-10 00:58:02', '2024-08-31 03:03:24'),
(38, 43, 45, '100', 13000.00, 0, '2024-07-10 01:02:31', '2024-07-15 00:12:53'),
(39, 45, 46, '312', 31200.00, 0, '2024-07-10 01:26:48', '2024-08-31 03:03:24'),
(40, 46, 47, '25', 3125.00, 0, '2024-07-10 01:36:15', '2024-07-10 01:36:15'),
(41, 47, 48, '143', 32890.00, 0, '2024-07-10 01:41:55', '2024-08-31 03:03:24'),
(42, 48, 49, '1', 240.00, 0, '2024-07-10 01:55:28', '2024-07-16 04:43:52'),
(43, 49, 50, '399', 71820.00, 0, '2024-07-10 02:14:35', '2024-08-31 03:13:07'),
(44, 50, 51, '73', 4380.00, 0, '2024-07-10 03:52:36', '2024-07-30 04:52:32'),
(45, 51, 52, '90', 4500.00, 0, '2024-07-10 23:43:39', '2024-07-15 05:31:25'),
(46, 52, 53, '36', 8280.00, 0, '2024-07-10 23:48:54', '2024-08-31 03:03:24'),
(47, 53, 54, '50', 8500.00, 0, '2024-07-10 23:53:28', '2024-08-31 03:03:24'),
(48, 54, 55, '106', 12720.00, 0, '2024-07-11 00:03:51', '2024-07-15 01:39:13'),
(49, 55, 56, '123', 14760.00, 0, '2024-07-11 00:08:16', '2024-07-15 01:39:13'),
(50, 56, 57, '251', 12550.00, 0, '2024-07-11 00:13:40', '2024-07-30 04:52:32'),
(51, 57, 59, '645', 35475.00, 0, '2024-07-14 04:28:22', '2024-07-30 00:15:26'),
(52, 58, 60, '3066', 24528.00, 0, '2024-07-14 05:08:49', '2024-07-30 22:54:43'),
(53, 59, 61, '12', 720.00, 0, '2024-07-14 05:15:26', '2024-08-31 03:13:07'),
(54, 60, 62, '28', 5040.00, 0, '2024-07-14 23:44:22', '2024-07-30 04:52:32'),
(55, 61, 63, '318', 25440.00, 0, '2024-07-14 23:51:13', '2024-07-15 00:12:53'),
(56, 27, 64, '487', 29220.00, 0, '2024-07-14 23:52:57', '2024-07-15 00:12:53'),
(57, 62, 67, '130', 6500.00, 0, '2024-07-16 03:26:45', '2024-07-16 03:36:13'),
(58, 63, 68, '326', 29340.00, 0, '2024-07-16 04:31:53', '2024-08-13 04:59:12'),
(59, 64, 70, '192', 47040.00, 0, '2024-08-14 04:30:44', '2024-08-31 03:13:07');

-- --------------------------------------------------------

--
-- Table structure for table `stock_details`
--

CREATE TABLE `stock_details` (
  `id` bigint(20) UNSIGNED NOT NULL,
  `book_id` tinyint(4) NOT NULL,
  `binder_list_id` tinyint(4) NOT NULL,
  `uni_code` varchar(255) NOT NULL,
  `quantity` varchar(255) NOT NULL,
  `s_quantity` int(11) NOT NULL,
  `price` decimal(8,2) NOT NULL,
  `created_by` tinyint(4) DEFAULT NULL,
  `status` tinyint(1) NOT NULL DEFAULT 0,
  `created_at` timestamp NOT NULL DEFAULT current_timestamp(),
  `updated_at` timestamp NOT NULL DEFAULT current_timestamp()
) ENGINE=InnoDB DEFAULT CHARSET=utf8mb4 COLLATE=utf8mb4_unicode_ci;

--
-- Dumping data for table `stock_details`
--

INSERT INTO `stock_details` (`id`, `book_id`, `binder_list_id`, `uni_code`, `quantity`, `s_quantity`, `price`, `created_by`, `status`, `created_at`, `updated_at`) VALUES
(1, 2, 0, 'IN#0001', '0', 0, 100.00, 2, 0, '2024-06-10 01:02:38', '2024-06-10 01:02:57'),
(2, 3, 0, 'IN#0002', '81', 0, 370.00, 2, 0, '2024-06-10 01:11:12', '2024-08-31 03:13:07'),
(3, 4, 0, 'IN#0003', '578', 0, 320.00, 2, 0, '2024-06-10 01:30:31', '2024-08-31 03:13:07'),
(4, 5, 0, 'IN#0004', '99', 0, 360.00, 2, 0, '2024-06-10 01:30:31', '2024-08-31 03:03:24'),
(5, 6, 0, 'IN#0005', '105', 0, 180.00, 2, 0, '2024-06-29 01:52:26', '2024-08-31 03:03:24'),
(6, 7, 0, 'IN#0006', '0', 0, 230.00, 2, 0, '2024-06-29 02:24:17', '2024-07-16 04:43:52'),
(7, 8, 0, 'IN#0007', '106', 0, 180.00, 2, 0, '2024-06-29 02:56:46', '2024-08-31 03:03:24'),
(8, 9, 0, 'IN#0008', '199', 0, 200.00, 2, 0, '2024-06-29 04:37:59', '2024-07-15 01:56:32'),
(9, 25, 0, 'IN#0009', '495', 0, 50.00, 2, 0, '2024-07-03 04:45:04', '2024-07-03 04:50:31'),
(10, 26, 0, 'IN#0010', '694', 0, 230.00, 2, 0, '2024-07-03 05:29:24', '2024-08-31 03:13:07'),
(11, 18, 0, 'IN#0011', '317', 0, 120.00, 2, 0, '2024-07-03 05:37:13', '2024-07-30 22:54:43'),
(12, 10, 0, 'IN#0012', '351', 0, 220.00, 2, 0, '2024-07-04 01:58:39', '2024-08-31 03:03:24'),
(13, 14, 0, 'IN#0013', '69', 0, 60.00, 2, 0, '2024-07-07 00:30:48', '2024-07-15 00:12:53'),
(14, 11, 0, 'IN#0013', '357', 0, 140.00, 2, 0, '2024-07-07 00:30:48', '2024-08-31 03:03:24'),
(15, 13, 0, 'IN#0014', '289', 0, 170.00, 2, 0, '2024-07-07 00:52:14', '2024-07-16 04:43:52'),
(16, 12, 0, 'IN#0015', '60', 0, 120.00, 2, 0, '2024-07-07 00:53:27', '2024-07-16 04:43:52'),
(17, 15, 0, 'IN#0016', '474', 0, 120.00, 2, 0, '2024-07-07 00:54:20', '2024-07-15 05:31:25'),
(18, 16, 0, 'IN#0017', '5', 0, 50.00, 2, 0, '2024-07-07 00:56:05', '2024-07-07 00:56:05'),
(19, 17, 0, 'IN#0018', '246', 0, 60.00, 2, 0, '2024-07-07 00:56:59', '2024-07-30 04:52:32'),
(20, 19, 0, 'IN#0019', '13', 0, 150.00, 2, 0, '2024-07-07 00:58:42', '2024-07-07 00:58:42'),
(21, 20, 0, 'IN#0020', '206', 0, 80.00, 2, 0, '2024-07-07 01:01:50', '2024-07-15 01:52:11'),
(22, 22, 0, 'IN#0021', '473', 0, 50.00, 2, 0, '2024-07-07 01:03:14', '2024-07-30 04:52:32'),
(23, 23, 0, 'IN#0022', '360', 0, 50.00, 2, 0, '2024-07-07 01:04:09', '2024-07-30 04:52:32'),
(24, 24, 0, 'IN#0023', '528', 0, 50.00, 2, 0, '2024-07-07 01:05:00', '2024-07-30 04:52:32'),
(25, 28, 0, 'IN#0024', '5', 0, 60.00, 2, 0, '2024-07-07 01:27:41', '2024-07-07 01:27:41'),
(26, 29, 0, 'IN#0025', '27', 0, 160.00, 2, 0, '2024-07-07 03:14:51', '2024-08-31 03:03:24'),
(27, 30, 0, 'IN#0026', '52', 0, 400.00, 2, 0, '2024-07-07 03:42:18', '2024-08-31 03:13:07'),
(28, 32, 0, 'IN#0027', '2', 0, 150.00, 2, 0, '2024-07-07 04:56:01', '2024-07-07 06:08:06'),
(29, 33, 0, 'IN#0028', '39', 0, 60.00, 2, 0, '2024-07-07 05:21:10', '2024-07-14 04:52:40'),
(30, 33, 0, 'IN#0028', '72', 0, 60.00, 2, 0, '2024-07-07 05:21:10', '2024-07-16 04:43:52'),
(31, 31, 0, 'IN#0029', '172', 0, 180.00, 2, 0, '2024-07-07 23:49:25', '2024-07-16 04:43:52'),
(32, 35, 0, 'IN#0030', '1805', 0, 55.00, 2, 0, '2024-07-08 00:11:25', '2024-07-10 03:37:28'),
(33, 36, 0, 'IN#0031', '1', 0, 180.00, 2, 0, '2024-07-08 00:20:36', '2024-07-30 00:15:26'),
(34, 37, 0, 'IN#0032', '629', 0, 100.00, 2, 0, '2024-07-08 00:35:19', '2024-08-31 03:13:07'),
(35, 11, 0, 'IN#0033', '358', 0, 140.00, 2, 0, '2024-07-08 00:36:58', '2024-07-16 04:43:52'),
(36, 13, 0, 'IN#0034', '0', 0, 170.00, 2, 0, '2024-07-08 00:37:43', '2024-07-08 00:41:20'),
(37, 11, 0, 'IN#0035', '0', 0, 140.00, 2, 0, '2024-07-09 00:43:00', '2024-07-10 02:01:01'),
(38, 13, 0, 'IN#0036', '2', 0, 170.00, 2, 0, '2024-07-09 00:43:34', '2024-07-09 00:43:34'),
(39, 7, 0, 'IN#0037', '0', 0, 230.00, 2, 0, '2024-07-09 00:51:24', '2024-08-31 03:03:24'),
(40, 38, 0, 'IN#0038', '129', 0, 350.00, 2, 0, '2024-07-10 00:39:01', '2024-07-16 04:43:52'),
(41, 39, 0, 'IN#0039', '15', 0, 245.00, 2, 0, '2024-07-10 00:43:46', '2024-07-10 00:43:46'),
(42, 41, 0, 'IN#0040', '22', 0, 240.00, 2, 0, '2024-07-10 00:52:27', '2024-07-15 00:12:53'),
(43, 42, 0, 'IN#0041', '16', 0, 245.00, 2, 0, '2024-07-10 00:56:46', '2024-07-10 02:05:47'),
(44, 5, 0, 'IN#0042', '143', 0, 360.00, 2, 0, '2024-07-10 00:58:02', '2024-07-29 00:14:31'),
(45, 43, 0, 'IN#0043', '100', 0, 130.00, 2, 0, '2024-07-10 01:02:31', '2024-07-15 00:12:53'),
(46, 45, 0, 'IN#0044', '312', 0, 100.00, 2, 0, '2024-07-10 01:26:48', '2024-08-31 03:03:24'),
(47, 46, 0, 'IN#0045', '25', 0, 125.00, 2, 0, '2024-07-10 01:36:15', '2024-07-10 01:36:15'),
(48, 47, 0, 'IN#0046', '143', 0, 230.00, 2, 0, '2024-07-10 01:41:55', '2024-08-31 03:03:24'),
(49, 48, 0, 'IN#0047', '1', 0, 240.00, 2, 0, '2024-07-10 01:55:28', '2024-07-16 04:43:52'),
(50, 49, 0, 'IN#0048', '1', 0, 180.00, 2, 0, '2024-07-10 02:14:35', '2024-08-31 03:13:07'),
(51, 50, 0, 'IN#0049', '73', 0, 60.00, 2, 0, '2024-07-10 03:52:36', '2024-07-30 04:52:32'),
(52, 51, 0, 'IN#0050', '90', 0, 50.00, 2, 0, '2024-07-10 23:43:39', '2024-07-15 05:31:25'),
(53, 52, 0, 'IN#0051', '36', 0, 230.00, 2, 0, '2024-07-10 23:48:54', '2024-08-31 03:03:24'),
(54, 53, 0, 'IN#0052', '50', 0, 170.00, 2, 0, '2024-07-10 23:53:28', '2024-08-31 03:03:24'),
(55, 54, 0, 'IN#0053', '106', 0, 120.00, 2, 0, '2024-07-11 00:03:51', '2024-07-15 01:39:13'),
(56, 55, 0, 'IN#0054', '123', 0, 120.00, 2, 0, '2024-07-11 00:08:16', '2024-07-15 01:39:13'),
(57, 56, 0, 'IN#0055', '9', 0, 50.00, 2, 0, '2024-07-11 00:13:40', '2024-07-14 04:39:54'),
(58, 56, 0, 'IN#0056', '242', 0, 50.00, 2, 0, '2024-07-11 00:15:28', '2024-07-30 04:52:32'),
(59, 57, 0, 'IN#0057', '645', 0, 55.00, 2, 0, '2024-07-14 04:28:22', '2024-07-30 00:15:26'),
(60, 58, 0, 'IN#0058', '3066', 0, 8.00, 2, 0, '2024-07-14 05:08:49', '2024-07-30 22:54:43'),
(61, 59, 0, 'IN#0059', '12', 0, 60.00, 2, 0, '2024-07-14 05:15:26', '2024-08-31 03:13:07'),
(62, 60, 0, 'IN#0060', '28', 0, 180.00, 2, 0, '2024-07-14 23:44:22', '2024-07-30 04:52:32'),
(63, 61, 0, 'IN#0061', '318', 0, 80.00, 2, 0, '2024-07-14 23:51:13', '2024-07-15 00:12:53'),
(64, 27, 0, 'IN#0062', '487', 0, 60.00, 2, 0, '2024-07-14 23:52:57', '2024-07-15 00:12:53'),
(65, 49, 0, 'IN#0063', '33', 0, 180.00, 2, 0, '2024-07-15 01:44:26', '2024-07-29 00:11:54'),
(66, 7, 0, 'IN#0064', '172', 0, 230.00, 2, 0, '2024-07-15 01:45:15', '2024-08-31 03:13:07'),
(67, 62, 0, 'IN#0065', '130', 0, 50.00, 2, 0, '2024-07-16 03:26:45', '2024-07-16 03:36:13'),
(68, 63, 0, 'IN#0066', '326', 0, 90.00, 2, 0, '2024-07-16 04:31:53', '2024-08-13 04:59:12'),
(69, 49, 0, 'IN#0067', '365', 0, 180.00, 2, 0, '2024-07-29 00:06:21', '2024-07-29 00:14:31'),
(70, 64, 2, 'IN#0068', '92', 100, 245.00, 2, 0, '2024-08-14 04:30:44', '2024-08-31 03:13:07'),
(71, 64, 2, 'IN#0069', '100', 100, 245.00, 2, 0, '2024-08-20 03:31:35', '2024-08-31 02:46:04');

-- --------------------------------------------------------

--
-- Table structure for table `users`
--

CREATE TABLE `users` (
  `id` bigint(20) UNSIGNED NOT NULL,
  `name` varchar(255) NOT NULL,
  `email` varchar(255) NOT NULL,
  `user_type_id` tinyint(2) NOT NULL DEFAULT 3,
  `image` varchar(255) DEFAULT NULL,
  `email_verified_at` timestamp NULL DEFAULT NULL,
  `password` varchar(255) NOT NULL,
  `remember_token` varchar(100) DEFAULT NULL,
  `created_at` timestamp NOT NULL DEFAULT current_timestamp(),
  `updated_at` timestamp NOT NULL DEFAULT current_timestamp()
) ENGINE=InnoDB DEFAULT CHARSET=utf8mb4 COLLATE=utf8mb4_unicode_ci;

--
-- Dumping data for table `users`
--

INSERT INTO `users` (`id`, `name`, `email`, `user_type_id`, `image`, `email_verified_at`, `password`, `remember_token`, `created_at`, `updated_at`) VALUES
(1, 'Admin', 'admin@gmail.com', 2, NULL, NULL, '$2y$12$JXb8vPpNmwnDBeW7chGt9eSoP5ScKxI3dKpbzgmkZVoNyXL8Zw1Re', 'mRRHy961Bq2wfprdyETbagg0DXulSBypdxk5AsTIOzi3Rj8nP3', '2024-05-25 20:44:59', '2024-05-25 20:44:59'),
(2, 'Super Admin', 'siddiqiap@gmail.com', 1, NULL, NULL, '$2y$12$JXb8vPpNmwnDBeW7chGt9eSoP5ScKxI3dKpbzgmkZVoNyXL8Zw1Re', '6vWCjqyPiEm2b9Rd2xHGpcmrNop9YpZ4mkK08JtYygiDjIcymXTai2HnhRIl', '2024-05-25 20:52:48', '2024-05-25 20:52:48'),
(3, 'Normal User', 'user@gmail.com', 3, NULL, NULL, '$2y$12$gAWfazSAfFD4h6zUbqtz9eIvrJBHsZBudhCKXbH/a5lhaRt.oE7vW', 'XDig3K1e1WWCEa6c3Y7Uy3TdLRlAM6AfOXZChJO9Srv1a4Mo6Z', '2024-05-26 05:24:00', '2024-05-26 05:24:00');

-- --------------------------------------------------------

--
-- Table structure for table `user_types`
--

CREATE TABLE `user_types` (
  `id` int(11) NOT NULL,
  `type` varchar(12) NOT NULL,
  `created_at` timestamp NOT NULL DEFAULT current_timestamp(),
  `updated_at` timestamp NOT NULL DEFAULT current_timestamp()
) ENGINE=InnoDB DEFAULT CHARSET=utf8mb4 COLLATE=utf8mb4_general_ci;

--
-- Dumping data for table `user_types`
--

INSERT INTO `user_types` (`id`, `type`, `created_at`, `updated_at`) VALUES
(1, 'Super Admin', '2024-06-01 23:16:33', '2024-06-01 23:16:33'),
(2, 'Admin', '2024-06-01 23:16:33', '2024-06-01 23:16:33'),
(3, 'User', '2024-06-01 23:17:36', '2024-06-01 23:17:36');

-- --------------------------------------------------------

--
-- Table structure for table `writers`
--

CREATE TABLE `writers` (
  `id` bigint(20) UNSIGNED NOT NULL,
  `writer_name` varchar(255) NOT NULL,
  `image` varchar(255) DEFAULT NULL,
  `short_description` varchar(255) DEFAULT NULL,
  `created_at` timestamp NOT NULL DEFAULT current_timestamp(),
  `updated_at` timestamp NOT NULL DEFAULT current_timestamp()
) ENGINE=InnoDB DEFAULT CHARSET=utf8mb4 COLLATE=utf8mb4_unicode_ci;

--
-- Dumping data for table `writers`
--

INSERT INTO `writers` (`id`, `writer_name`, `image`, `short_description`, `created_at`, `updated_at`) VALUES
(1, 'খালেক বিন জয়েন উদ্দীন', '1717854543.jpg', 'শিশুসাহিত্যিক খালেক বিন জয়েনউদদীন', '2024-06-08 07:49:03', '2024-06-08 07:49:03'),
(2, 'মিয়াজান কবির', '1717855318.png', 'মিয়াজান কবির মিয়াজান কবির', '2024-06-08 08:01:58', '2024-06-08 08:01:58'),
(3, 'আশরাফ আলী থানভী', NULL, 'আশরাফ আলী থানভী', '2024-06-10 01:06:18', '2024-06-10 01:06:18'),
(4, 'ড. আয়েজ আল কারনী', NULL, 'অনুবাদ গ্রন্থ', '2024-06-29 01:42:38', '2024-06-29 01:42:38'),
(5, 'আল্লামা সফিউর রহমান মুবারকপুরী রহ.', NULL, 'পুরুস্কার প্রাপ্ত গ্রন্থ', '2024-06-29 01:56:54', '2024-06-29 01:56:54'),
(6, 'মুফতীয়ে আযম আল্লামা ফয়যুল্লাহ রহ.', NULL, 'লেখক', '2024-06-29 02:50:18', '2024-06-29 02:50:18'),
(7, 'ইমাম আন নববী রহ.', NULL, 'লেখক', '2024-06-29 04:13:14', '2024-06-29 04:13:14'),
(8, 'মাওলানা মুহাম্মদ রেজাউল করিম', NULL, 'লেখক', '2024-06-29 04:59:15', '2024-06-29 04:59:15'),
(9, 'নিলুফা ইয়াসমিন', NULL, 'লেখক', '2024-06-29 05:07:29', '2024-06-29 05:07:29'),
(10, 'মাওলানা মুনীরুল ইসলাম', NULL, 'লেখক', '2024-06-29 06:14:32', '2024-06-29 06:14:32'),
(11, 'মোহাম্মদ মঈনুল হাসান', NULL, 'লেখক', '2024-06-29 06:15:44', '2024-06-29 06:15:44'),
(12, 'শেখ সাদী রহ.', NULL, 'লেখক', '2024-06-29 06:16:34', '2024-06-29 06:16:34'),
(13, 'মুহাম্মাদ তাকি উসমানি দা. বা.', NULL, 'মূল লেখক', '2024-06-29 23:29:48', '2024-06-29 23:29:48'),
(14, 'চৌধুরী নূর হুসাইন', NULL, 'লেখক', '2024-06-30 23:07:25', '2024-06-30 23:07:25'),
(15, 'মুফতী  হারুন রসূলাবাদী', NULL, 'লেখক', '2024-06-30 23:09:55', '2024-06-30 23:09:55'),
(16, 'মোঃ মফিজুল ইসলাম', NULL, 'লেখক', '2024-06-30 23:11:14', '2024-06-30 23:11:14'),
(17, 'মাওলানা মোহাম্মদ আবুল কালাম', NULL, 'লেখক', '2024-06-30 23:12:02', '2024-07-01 02:55:44'),
(18, 'মাওলানা শামসুল ইসলাম', NULL, 'লেখক', '2024-06-30 23:13:11', '2024-06-30 23:13:11'),
(19, 'হাসান আলীম', NULL, 'লেখক', '2024-06-30 23:13:40', '2024-06-30 23:13:40'),
(20, 'মাওলানা খোন্দকার আবদুল আউয়াল', NULL, 'লেখক', '2024-06-30 23:20:21', '2024-06-30 23:20:21'),
(21, 'আলহাজ বসির উদ্দিন আহম্মদ', NULL, 'লেখক', '2024-07-01 05:05:25', '2024-07-01 05:05:25'),
(22, 'ড. মুহাম্মদ বিন আব্দুর রহমান আরিফী', NULL, 'লেখক', '2024-07-02 00:18:12', '2024-07-02 00:18:12'),
(23, 'মাওলানা ক্বারী মোহাম্মদ হাসান', NULL, 'সম্পাদনা পরিষদ', '2024-07-02 00:20:18', '2024-07-02 00:20:18'),
(24, 'মাওলানা আবু তারেক সিদ্দিকী', NULL, 'লেখক', '2024-07-02 00:22:37', '2024-07-02 00:22:37'),
(25, 'শেখ রফিকুল ইসলাম সিরাজী', NULL, 'লেখক', '2024-07-02 00:35:48', '2024-07-02 00:35:48'),
(26, 'ইমাম গাযযালি', NULL, 'মূল লেখক', '2024-07-02 01:02:12', '2024-07-02 01:02:12'),
(27, 'মাওলানা মোহাম্মদ মাহদী হাসান সিরাজী', NULL, 'লেখক', '2024-07-03 00:19:29', '2024-07-03 00:19:29'),
(28, 'ইমাম মুহম্মদ ইবনে ইসমাইল বোখারী র.', '1720344113.jpg', 'বই', '2024-07-07 03:21:53', '2024-07-07 03:21:53'),
(29, 'মাওলানা মুহাম্মদ আব্দুর রহমান খন্দকার', NULL, 'লেখক', '2024-07-07 04:38:51', '2024-07-07 04:38:51'),
(30, 'সাইদ ইবনে আলী আল-কাহ্তানী', NULL, 'মূল লেখক', '2024-07-07 23:43:23', '2024-07-07 23:43:23'),
(31, 'মাওলানা মোহাম্মদ আজিজুল হক', NULL, 'লেখক', '2024-07-07 23:46:08', '2024-07-07 23:46:08'),
(32, 'মাওলানা মোহাম্মদ মইনুল হাসান', NULL, 'লেখক', '2024-07-07 23:47:42', '2024-07-07 23:47:42'),
(33, '0..', NULL, '0.', '2024-07-07 23:56:24', '2024-07-07 23:56:24'),
(34, '৭ নং কুরান', NULL, '০.', '2024-07-08 00:23:51', '2024-07-08 00:23:51'),
(35, 'মাওলানা ফজলুল করিম আনওয়ারী', NULL, 'লেখক', '2024-07-10 01:44:57', '2024-07-10 01:44:57'),
(36, 'সিরাজুল হক চৌধুরী', NULL, 'লেখক', '2024-07-10 23:39:38', '2024-07-10 23:39:38'),
(37, 'মাওলানা মাইনুল ইসলাম', NULL, 'লেখক', '2024-07-10 23:56:11', '2024-07-10 23:56:11'),
(38, 'মাওলান মুহাম্মদ নূরুল ইসলাম ভূইয়া', '1721020363.jpg', 'বই', '2024-07-14 04:56:51', '2024-07-14 23:12:43');

--
-- Indexes for dumped tables
--

--
-- Indexes for table `binders`
--
ALTER TABLE `binders`
  ADD PRIMARY KEY (`id`);

--
-- Indexes for table `binder_details`
--
ALTER TABLE `binder_details`
  ADD PRIMARY KEY (`id`);

--
-- Indexes for table `binder_lists`
--
ALTER TABLE `binder_lists`
  ADD PRIMARY KEY (`id`);

--
-- Indexes for table `books`
--
ALTER TABLE `books`
  ADD PRIMARY KEY (`id`);

--
-- Indexes for table `cache`
--
ALTER TABLE `cache`
  ADD PRIMARY KEY (`key`);

--
-- Indexes for table `cache_locks`
--
ALTER TABLE `cache_locks`
  ADD PRIMARY KEY (`key`);

--
-- Indexes for table `categories`
--
ALTER TABLE `categories`
  ADD PRIMARY KEY (`id`);

--
-- Indexes for table `customers`
--
ALTER TABLE `customers`
  ADD PRIMARY KEY (`id`),
  ADD UNIQUE KEY `phone` (`phone`);

--
-- Indexes for table `failed_jobs`
--
ALTER TABLE `failed_jobs`
  ADD PRIMARY KEY (`id`),
  ADD UNIQUE KEY `failed_jobs_uuid_unique` (`uuid`);

--
-- Indexes for table `jobs`
--
ALTER TABLE `jobs`
  ADD PRIMARY KEY (`id`),
  ADD KEY `jobs_queue_index` (`queue`);

--
-- Indexes for table `job_batches`
--
ALTER TABLE `job_batches`
  ADD PRIMARY KEY (`id`);

--
-- Indexes for table `migrations`
--
ALTER TABLE `migrations`
  ADD PRIMARY KEY (`id`);

--
-- Indexes for table `password_reset_tokens`
--
ALTER TABLE `password_reset_tokens`
  ADD PRIMARY KEY (`email`);

--
-- Indexes for table `press_lists`
--
ALTER TABLE `press_lists`
  ADD PRIMARY KEY (`id`);

--
-- Indexes for table `printing_presses`
--
ALTER TABLE `printing_presses`
  ADD PRIMARY KEY (`id`);

--
-- Indexes for table `printing_press_details`
--
ALTER TABLE `printing_press_details`
  ADD PRIMARY KEY (`id`);

--
-- Indexes for table `sales`
--
ALTER TABLE `sales`
  ADD PRIMARY KEY (`id`);

--
-- Indexes for table `sale_details`
--
ALTER TABLE `sale_details`
  ADD PRIMARY KEY (`id`);

--
-- Indexes for table `sessions`
--
ALTER TABLE `sessions`
  ADD PRIMARY KEY (`id`),
  ADD KEY `sessions_user_id_index` (`user_id`),
  ADD KEY `sessions_last_activity_index` (`last_activity`);

--
-- Indexes for table `stocks`
--
ALTER TABLE `stocks`
  ADD PRIMARY KEY (`id`);

--
-- Indexes for table `stock_details`
--
ALTER TABLE `stock_details`
  ADD PRIMARY KEY (`id`);

--
-- Indexes for table `users`
--
ALTER TABLE `users`
  ADD PRIMARY KEY (`id`),
  ADD UNIQUE KEY `users_email_unique` (`email`);

--
-- Indexes for table `user_types`
--
ALTER TABLE `user_types`
  ADD PRIMARY KEY (`id`);

--
-- Indexes for table `writers`
--
ALTER TABLE `writers`
  ADD PRIMARY KEY (`id`);

--
-- AUTO_INCREMENT for dumped tables
--

--
-- AUTO_INCREMENT for table `binders`
--
ALTER TABLE `binders`
  MODIFY `id` bigint(20) UNSIGNED NOT NULL AUTO_INCREMENT, AUTO_INCREMENT=3;

--
-- AUTO_INCREMENT for table `binder_details`
--
ALTER TABLE `binder_details`
  MODIFY `id` bigint(20) UNSIGNED NOT NULL AUTO_INCREMENT, AUTO_INCREMENT=3;

--
-- AUTO_INCREMENT for table `binder_lists`
--
ALTER TABLE `binder_lists`
  MODIFY `id` bigint(20) UNSIGNED NOT NULL AUTO_INCREMENT, AUTO_INCREMENT=4;

--
-- AUTO_INCREMENT for table `books`
--
ALTER TABLE `books`
  MODIFY `id` bigint(20) UNSIGNED NOT NULL AUTO_INCREMENT, AUTO_INCREMENT=65;

--
-- AUTO_INCREMENT for table `categories`
--
ALTER TABLE `categories`
  MODIFY `id` bigint(20) UNSIGNED NOT NULL AUTO_INCREMENT, AUTO_INCREMENT=21;

--
-- AUTO_INCREMENT for table `customers`
--
ALTER TABLE `customers`
  MODIFY `id` bigint(20) UNSIGNED NOT NULL AUTO_INCREMENT, AUTO_INCREMENT=38;

--
-- AUTO_INCREMENT for table `failed_jobs`
--
ALTER TABLE `failed_jobs`
  MODIFY `id` bigint(20) UNSIGNED NOT NULL AUTO_INCREMENT;

--
-- AUTO_INCREMENT for table `jobs`
--
ALTER TABLE `jobs`
  MODIFY `id` bigint(20) UNSIGNED NOT NULL AUTO_INCREMENT;

--
-- AUTO_INCREMENT for table `migrations`
--
ALTER TABLE `migrations`
  MODIFY `id` int(10) UNSIGNED NOT NULL AUTO_INCREMENT, AUTO_INCREMENT=22;

--
-- AUTO_INCREMENT for table `press_lists`
--
ALTER TABLE `press_lists`
  MODIFY `id` bigint(20) UNSIGNED NOT NULL AUTO_INCREMENT, AUTO_INCREMENT=3;

--
-- AUTO_INCREMENT for table `printing_presses`
--
ALTER TABLE `printing_presses`
  MODIFY `id` bigint(20) UNSIGNED NOT NULL AUTO_INCREMENT, AUTO_INCREMENT=4;

--
-- AUTO_INCREMENT for table `printing_press_details`
--
ALTER TABLE `printing_press_details`
  MODIFY `id` bigint(20) UNSIGNED NOT NULL AUTO_INCREMENT, AUTO_INCREMENT=5;

--
-- AUTO_INCREMENT for table `sales`
--
ALTER TABLE `sales`
  MODIFY `id` bigint(20) UNSIGNED NOT NULL AUTO_INCREMENT, AUTO_INCREMENT=61;

--
-- AUTO_INCREMENT for table `sale_details`
--
ALTER TABLE `sale_details`
  MODIFY `id` bigint(20) UNSIGNED NOT NULL AUTO_INCREMENT, AUTO_INCREMENT=251;

--
-- AUTO_INCREMENT for table `stocks`
--
ALTER TABLE `stocks`
  MODIFY `id` bigint(20) UNSIGNED NOT NULL AUTO_INCREMENT, AUTO_INCREMENT=60;

--
-- AUTO_INCREMENT for table `stock_details`
--
ALTER TABLE `stock_details`
  MODIFY `id` bigint(20) UNSIGNED NOT NULL AUTO_INCREMENT, AUTO_INCREMENT=72;

--
-- AUTO_INCREMENT for table `users`
--
ALTER TABLE `users`
  MODIFY `id` bigint(20) UNSIGNED NOT NULL AUTO_INCREMENT, AUTO_INCREMENT=4;

--
-- AUTO_INCREMENT for table `user_types`
--
ALTER TABLE `user_types`
  MODIFY `id` int(11) NOT NULL AUTO_INCREMENT, AUTO_INCREMENT=4;

--
-- AUTO_INCREMENT for table `writers`
--
ALTER TABLE `writers`
  MODIFY `id` bigint(20) UNSIGNED NOT NULL AUTO_INCREMENT, AUTO_INCREMENT=40;
COMMIT;

/*!40101 SET CHARACTER_SET_CLIENT=@OLD_CHARACTER_SET_CLIENT */;
/*!40101 SET CHARACTER_SET_RESULTS=@OLD_CHARACTER_SET_RESULTS */;
/*!40101 SET COLLATION_CONNECTION=@OLD_COLLATION_CONNECTION */;
